CustomerId,PostalCode,HashCode,Firstname,rowNumber,Birthday,Gender,churn,terminate,PaymentMethod,totalTransaction,age
1,49278,BOl2gvcX,Benjamin,450,14MAR50:16:25:24,m,No,Yes,credit card,398.22489223,64
2,39982,lJC8cDTW,Benno,451,03MAY78:16:25:24,m,No,Yes,cheque,354.03197172,36
3,87213,tKIbadnh,Eva,1,13APR88:16:25:24,w,No,No,credit card,119.07023246,26
4,38548,RcW2Pb3w,Kunigunde,2,21JUN74:16:25:24,w,No,Yes,credit card,398.22275933,40
5,38794,z9twA4AJ,Wolfram,452,17AUG74:16:25:24,m,No,No,credit card,432.28160446,40
6,44573,akWNQl4e,Notburga,3,05JUN85:16:25:24,w,No,Yes,cheque,459.6436832,29
7,70936,glrPDLzY,Maximiliane,4,26JUL92:16:25:24,w,No,No,credit card,111.4377616,22
8,71302,Pn6FkbuL,Stephan,453,21OCT65:16:25:24,m,No,No,credit card,512.80272564,49
9,49705,3rGPBX98,Dorothea,5,04AUG43:16:25:24,w,No,Yes,credit card,319.27415019,71
10,36049,9Eng7yI0,Bernhard,454,10MAY77:16:25:24,m,No,No,credit card,112.45104561,37
11,26323,uP7dRmDK,Alfred,455,30JUN91:16:25:24,m,No,No,credit card,731.38758816,23
12,42376,XlxhfOIo,Maria,6,29JUL60:16:25:24,w,No,Yes,cash,266.19670517,54
13,42215,KYmSR2vE,Sebastian,456,24AUG86:16:25:24,m,No,No,cash,363.50364565,28
15,57984,yTDlEBXc,Christian,458,25DEC91:16:25:24,m,No,No,cash,216.2473145,23
16,52245,3ANQ9shn,Rosina,7,28JUN64:16:25:24,w,Yes,No,credit card,2.5,50
17,56625,BDEPLKmG,Susanne,8,14APR89:16:25:24,w,No,Yes,cash,315.27972458,25
18,50003,8vB4XorN,Adolf,459,05DEC68:16:25:24,m,No,No,credit card,435.45549832,46
19,37852,1SDtHCf7,Eustachius,460,17APR68:16:25:24,m,No,No,credit card,128.90510265,46
20,66713,gQBDZ8Lw,Genoveva,9,31MAR48:16:25:24,w,Yes,No,cash,488.09917896,66
21,70052,G1c0kZqQ,Katharina,10,16NOV31:16:25:24,w,No,Yes,cash,169.34455468,83
22,44272,lJC8cDTW,Marlene,11,29JUN78:16:25:24,w,No,No,credit card,233.98941438,36
23,71962,n5YVLJ7v,Annemarie,12,22SEP96:16:25:24,w,No,No,credit card,432.94805358,18
24,30942,tIdMRZzN,Silvester,461,08DEC61:16:25:24,m,No,Yes,cash,442.72803974,53
25,45355,HVtuFvKk,Magdalena,13,18FEB65:16:25:24,w,Yes,No,credit card,109.61313523,49
26,59736,LJVy8PnW,Waltraud,14,20SEP80:16:25:24,w,No,Yes,credit card,326.33944202,34
27,27323,YrunTynm,Kaspar,462,13JUN73:16:25:24,m,Yes,No,credit card,529.77483055,41
28,44466,Pme0EuIj,Maria,15,29SEP60:16:25:24,w,No,Yes,credit card,188.88046332,54
29,62985,lOppPgbt,Barbara,16,19MAY49:16:25:24,w,Yes,No,credit card,310.92679933,65
30,48487,FQONt9Qj,Katrin,17,16DEC71:16:25:24,w,No,Yes,credit card,336.37134087,43
31,25067,kGbkHPe3,Albert,463,28OCT47:16:25:24,m,No,Yes,cash,349.5879637,67
32,51008,ZBaMGxyd,Barbara,18,28MAY29:16:25:24,w,No,No,cash,324.23321351,85
33,46682,G1c0kZqQ,Benedikt,464,29SEP79:16:25:24,m,No,No,cheque,88.261180788,35
34,79587,U9oQ4X4a,Eduard,465,24MAR68:16:25:24,m,No,No,credit card,1119.4228152,46
35,72496,vkq98Roy,Katrin,19,23JAN43:16:25:24,w,No,Yes,credit card,320.75628408,71
36,63472,Zu1IH3W9,Heinrich,466,08JUN45:16:25:24,m,No,Yes,cash,353.26017901,69
37,38676,w1RMi0Ye,Susanne,20,19JAN96:16:25:24,w,No,Yes,cash,268.40360456,18
38,65683,67pf3SG7,Rosemarie,21,07SEP64:16:25:24,w,Yes,No,cash,288.21030362,50
39,57636,txwqlFrx,Hannelore,22,07JAN91:16:25:24,w,No,No,credit card,271.34651167,23
40,83490,p2B4niEV,Anton,467,01NOV75:16:25:24,m,No,No,credit card,425.97565686,39
41,58302,dtW2nTUg,Annemarie,23,29AUG48:16:25:24,w,Yes,No,cash,348.71020382,66
42,80454,Q6Hs8l2N,Josephine,24,24OCT91:16:25:24,w,No,No,credit card,431.57211246,23
43,29058,K4BiUUqk,Christian,468,06MAY92:16:25:24,m,No,No,credit card,483.32039034,22
44,30136,fN6Bi6ut,Burgunde,25,01SEP76:16:25:24,w,No,Yes,credit card,148.09902783,38
45,48672,ISLS1LEp,Burgunde,26,03JAN44:16:25:24,w,No,Yes,credit card,144.3693181,70
46,84951,Ilw55cGT,Christoph,469,19APR32:16:25:24,m,No,Yes,cash,884.50326908,82
47,35583,MemBg2vN,Stefanie,27,08NOV66:16:25:24,w,No,Yes,credit card,264.74703019,48
48,37760,K0LlWwKm,Alexander,470,10APR58:16:25:24,m,No,Yes,cash,144.29799309,56
49,42266,nebDykfo,Lorenz,471,17MAY71:16:25:24,m,No,No,credit card,639.93750016,43
50,32539,DBPXSyZX,Georg,472,30DEC75:16:25:24,m,No,No,credit card,289.3098093,39
51,40686,QW258zNn,Anna,28,10NOV53:16:25:24,w,No,No,credit card,389.88683708,61
52,9012,2PdHrQ0N,Jakob,473,06JAN46:16:25:24,m,No,No,credit card,383.30053767,68
53,65565,VYYxwovV,Eustachius,474,29FEB92:16:25:24,m,No,No,credit card,394.00162332,22
54,35673,wCMq8WUK,Matthäus,475,16SEP50:16:25:24,m,No,Yes,cash,108.82277976,64
55,34749,XLM36WeL,Alois,476,08SEP53:16:25:24,m,No,Yes,cash,226.34271302,61
56,40004,i431B5FD,Melchior,477,12JUL88:16:25:24,m,No,Yes,credit card,50.913125913,26
57,65793,hR5bIMTj,Dominik,478,24DEC29:16:25:24,m,No,No,credit card,729.38670032,85
58,53547,nJ7KivPn,Christoph,479,18APR60:16:25:24,m,No,Yes,credit card,171.68646809,54
59,29907,LB3fgpFh,Notburga,29,09APR66:16:25:24,w,Yes,No,cheque,195.94189706,48
60,48625,FUcDIlsz,Josefine,30,31OCT59:16:25:24,w,No,Yes,cheque,331.81625919,55
61,74629,kRi3vk6o,Christoph,480,22NOV61:16:25:24,m,Yes,No,credit card,381.83902435,53
62,49684,fn9woJ27,Bartholomäus,481,12DEC88:16:25:24,m,No,No,credit card,667.08351156,26
63,52416,bUAFjUKx,Ludwig,482,14JUL61:16:25:24,m,No,No,credit card,248.86484402,53
64,45863,x7MSewP7,Gottfried,483,03FEB67:16:25:24,m,No,Yes,cash,141.59389814,47
65,47851,OHIF3ecs,Brigitte,31,11NOV66:16:25:24,w,No,No,cash,386.1181853,48
66,33745,ClU1K8pr,Victoria,32,11APR80:16:25:24,w,No,No,credit card,77.31383363,34
67,25257,VTRHXs1F,Leonhard,484,22NOV39:16:25:24,m,Yes,No,credit card,255.44709039,75
68,75835,a3kGAKaY,Alois,485,18FEB79:16:25:24,m,No,No,credit card,258.7956222,35
69,60335,fya0KpSq,Anastasia,33,30OCT78:16:25:24,w,No,No,credit card,71.930771187,36
70,37653,FtGlaAO8,Augusta,34,11AUG61:16:25:24,w,No,No,cash,418.06427517,53
71,49706,DsXdDTUM,Leopold,486,18OCT93:16:25:24,m,No,No,credit card,550.39817854,21
72,53661,Hg6423c9,Gregor,487,17NOV63:16:25:24,m,No,No,credit card,596.63626309,51
73,69511,Q3RgD5dc,Johannes,488,29JAN76:16:25:24,m,No,No,cheque,558.34212612,38
74,51239,WIK59uh6,Sebastian,489,01AUG47:16:25:24,m,No,No,credit card,423.73415233,67
75,55284,UTM0J7L3,Valentin,490,20APR94:16:25:24,m,No,No,credit card,921.4249467,20
76,59370,H0n3eUsn,(Franz)Xaver,491,05JAN72:16:25:24,m,No,No,credit card,507.27935726,42
77,79081,mSaXdmd9,Rosmarie,35,10JAN79:16:25:24,w,No,Yes,credit card,101.54063043,35
78,55102,8FLjqHa8,Rosemarie,36,10SEP27:16:25:24,w,No,Yes,credit card,226.76264887,87
79,89596,7OTWTwK4,Barbara,37,13SEP86:16:25:24,w,No,No,credit card,168.27344702,28
80,67840,WfJORRap,Remigius,492,28FEB80:16:25:24,m,No,Yes,credit card,312.23114991,34
81,46124,f6IvQ9iT,Elisabeth,38,17DEC49:16:25:24,w,No,Yes,credit card,78.033321203,65
82,39515,QCU4Fgm4,Laurentius,493,08OCT50:16:25:24,m,No,No,credit card,930.32531557,64
83,24790,S0EDUb7L,Genoveva,39,30MAY55:16:25:24,w,Yes,No,credit card,376.51254786,59
84,57315,Rvv4B7Gr,Reinhold,494,31DEC50:16:25:24,m,No,No,credit card,2.5,64
85,81311,DIw2K055,Leopold,495,14FEB83:16:25:24,m,No,No,credit card,710.40099084,31
86,61340,K2SwvDUq,Bernadette,40,24MAR78:16:25:24,w,No,Yes,credit card,401.40423697,36
87,47947,GGO1WQWB,Margaret,41,22JAN56:16:25:24,w,Yes,No,cash,239.66145292,58
88,80240,1olvkgMw,Balthasar,496,01JUN92:16:25:24,m,No,Yes,cash,656.98985872,22
89,33868,oIuGNpzw,Therese,42,10APR86:16:25:24,w,No,No,credit card,337.36233926,28
90,50130,PsXsGka2,Eva,43,07SEP68:16:25:24,w,No,Yes,credit card,296.16823203,46
91,47777,GlGZMbnk,August,497,27AUG62:16:25:24,m,No,No,credit card,606.43908154,52
92,43825,sSNU6Ylb,August,498,12DEC71:16:25:24,m,No,Yes,credit card,163.36581454,43
93,68312,8XQ5wVue,Veronika,44,27JUN46:16:25:24,w,No,Yes,credit card,242.85716364,68
94,18610,BUkdkv7j,Josefine,45,13FEB59:16:25:24,w,No,No,cash,448.55197344,55
95,20916,UdxrZlw3,Scholastika,46,19MAY90:16:25:24,w,No,Yes,credit card,7.0074386128,24
96,87373,YXITvyRR,Laurentius,499,07SEP77:16:25:24,m,No,No,credit card,614.67507484,37
97,66162,x9hqgAOa,Hannelore,47,09NOV24:16:25:24,w,No,Yes,cash,296.32856747,90
98,86630,QLVjOVdq,Christoph,500,02SEP49:16:25:24,m,No,Yes,cash,455.16071693,65
99,56279,PjxUX4FV,Hannes,501,08JUN41:16:25:24,m,No,No,credit card,734.1269925,73
100,56874,mHkwfOrB,Gertraud,48,22FEB81:16:25:24,w,No,Yes,credit card,141.59364294,33
101,20041,ofnLhsJr,Antonia,49,27FEB64:16:25:24,w,No,Yes,credit card,425.57097461,50
102,28479,92nmswzi,Valentin,502,16SEP42:16:25:24,m,No,Yes,cheque,696.79785927,72
103,49130,V6i1m60Q,Remigius,503,29MAY34:16:25:24,m,No,No,credit card,847.71657134,80
104,24937,ngFxIEzB,Kunigunde,50,15JAN63:16:25:24,w,No,Yes,cash,162.20054756,51
105,79644,PeoGZnAi,Cäcilie,51,05MAR42:16:25:24,w,Yes,No,cash,256.26381685,72
106,53630,T5pxtCxg,Johanna,52,12AUG52:16:25:24,w,No,Yes,cash,299.16565805,62
107,68905,YAplaY8d,Maximiliane,53,31AUG54:16:25:24,w,No,No,credit card,479.27259909,60
108,69123,N8Cvr0k6,Siegfried,504,12MAR65:16:25:24,m,No,No,credit card,605.59255342,49
109,32867,D97jrMoY,Magdalena,54,15OCT59:16:25:24,w,No,Yes,cheque,58.878503468,55
110,71189,7TAHDWAH,Bernhard,505,19NOV87:16:25:24,m,No,No,cash,352.2689696,27
111,42423,6e7TUiBt,Philip(p),506,10DEC95:16:25:24,m,No,No,cash,347.72857395,19
112,47457,rDGyBpoZ,Wilhelmine,55,02MAR77:16:25:24,w,No,No,cash,195.58774421,37
113,54127,nvOOHxnL,Lukas,507,15SEP73:16:25:24,m,No,No,credit card,419.46387332,41
114,28135,RJawkKEi,Elisabeth,56,26MAY71:16:25:24,w,No,Yes,cash,404.4583272,43
115,64017,DbDn9imt,Nikolaus,508,25SEP44:16:25:24,m,No,No,credit card,719.21839634,70
116,35108,HP1KrVxJ,Laurentius,509,03DEC89:16:25:24,m,No,No,credit card,433.91134961,25
117,59282,TUA8xgUo,Rosmarie,57,03OCT51:16:25:24,w,No,Yes,cash,78.980413589,63
118,83226,nfuPH2Rd,Alfons,510,14JUL74:16:25:24,m,No,No,credit card,487.27110484,40
119,62961,NnESrVF8,Sabine,58,01SEP76:16:25:24,w,No,No,credit card,2.5,38
120,55252,F7nDASX3,Franziska,59,15AUG91:16:25:24,w,No,No,credit card,431.88635916,23
121,70864,waI3YAtn,Alfons,511,11JUL75:16:25:24,m,No,Yes,cash,543.27903924,39
122,17429,G8FGhgzf,Mathilde,60,03MAR86:16:25:24,w,No,No,credit card,335.94295936,28
123,78944,3RwmG77F,Adolf,512,04NOV60:16:25:24,m,No,No,credit card,483.70275501,54
124,53339,pKrTBLW8,Alfons,513,03MAY77:16:25:24,m,No,No,credit card,271.56141047,37
125,30515,vKrR9lgE,Katharina,61,14AUG37:16:25:24,w,No,Yes,cheque,157.67787391,77
126,53369,f5mEsjQb,Creszenzia,62,05DEC71:16:25:24,w,No,Yes,credit card,450.95012281,43
127,37642,ocLvIKIN,Matthias,514,10SEP48:16:25:24,m,No,Yes,cash,260.93620217,66
128,29311,LOBjc0ue,Valentin,515,13DEC48:16:25:24,m,Yes,No,cash,640.60799037,66
129,18006,ukz24ozv,Manfred,516,09FEB90:16:25:24,m,No,No,credit card,568.12415916,24
130,33862,JlePCygI,Agnes,63,21AUG82:16:25:24,w,Yes,No,cash,454.399579,32
131,39283,hQateE26,Walburga,64,07FEB68:16:25:24,w,No,Yes,cheque,283.5687879,46
132,44552,FYBcEUd6,Alfred,517,22AUG45:16:25:24,m,No,No,credit card,656.6823254,69
133,86255,P4KEF7Wq,Friedrich,518,02OCT71:16:25:24,m,No,Yes,cash,763.48866796,43
134,61252,0Dm8Yibz,Franziska,65,29SEP58:16:25:24,w,No,No,credit card,491.57417548,56
135,60457,wCUZbsb9,Hildegard,66,07JAN60:16:25:24,w,No,Yes,cash,571.58352613,54
136,70446,zaus5phD,Thomas,519,21FEB33:16:25:24,m,No,Yes,credit card,160.20259142,81
137,60779,dKjQRsZi,Anton,520,02MAY67:16:25:24,m,No,No,credit card,507.76824175,47
138,62955,oHbgmBfM,Johanna,67,06NOV50:16:25:24,w,No,No,credit card,69.328965204,64
139,39804,HvSjreXj,Fridolin,521,14JUN40:16:25:24,m,No,Yes,credit card,240.59063539,74
140,47146,JveEHeyk,Karl,522,28OCT96:16:25:24,m,No,No,credit card,118.24044404,18
141,41954,9F9KFJ6H,Walburga,68,05DEC60:16:25:24,w,No,Yes,cash,195.95763207,54
142,28813,GVO5dbuC,Roswitha,69,19FEB97:16:25:24,w,No,No,credit card,359.32498891,17
143,51752,H8szJiQ8,Antonia,70,19JUN22:16:25:24,w,No,No,cheque,127.34535175,92
144,53383,pCUO5AGa,Adalbert,523,23JAN79:16:25:24,m,No,No,credit card,258.96727531,35
145,66588,vyLYrSRA,Dorothea,71,28JAN34:16:25:24,w,No,Yes,cash,306.30776665,80
146,35725,ZSopZwuk,Hannelore,72,15FEB79:16:25:24,w,Yes,No,credit card,2.5,35
147,81326,AIFX9peT,Josefa,73,24JUL11:16:25:24,w,No,No,credit card,259.449718,3
148,39700,SMstnaz9,Caroline,74,24SEP46:16:25:24,w,No,No,credit card,344.98426143,68
149,40160,30w6lE6G,Rupert,524,21JUN67:16:25:24,m,No,Yes,credit card,563.17217013,47
150,24288,X3YpANiF,Dorothea,75,04SEP63:16:25:24,w,No,Yes,credit card,344.66154196,51
151,30600,WN8bHBjG,Waltraud,76,24NOV63:16:25:24,w,No,Yes,cheque,303.31410227,51
152,53056,CG3hseQg,Agnes,77,29JUN41:16:25:24,w,No,No,credit card,241.0153401,73
153,62254,ehgSCbVE,Antonia,78,24OCT88:16:25:24,w,No,Yes,cash,310.68192564,26
154,16423,S3Pxb9ok,Anastasia,79,10NOV75:16:25:24,w,No,Yes,credit card,292.63314752,39
155,77126,9bU2w7pV,Laurentius,525,19SEP83:16:25:24,m,No,No,cash,328.95773533,31
156,51323,28Rviqp0,Alfred,526,22JUN86:16:25:24,m,No,No,credit card,123.75211797,28
157,37604,H6LxgqeP,Walburga,80,23FEB82:16:25:24,w,No,Yes,cash,454.77664596,32
158,56339,rkKD9dhZ,Rudolf,527,20JUL57:16:25:24,m,No,Yes,credit card,219.96662837,57
159,68932,83d7eRMo,Stephan,528,27FEB85:16:25:24,m,No,No,credit card,376.82259079,29
160,48144,v4z0FThC,Fridolin,529,12MAY55:16:25:24,m,No,No,credit card,625.37283591,59
161,58699,5iOBFRfJ,Josefa,81,29DEC76:16:25:24,w,No,Yes,credit card,413.23173812,38
162,32367,TnOXa1ht,Gottfried,530,18JAN65:16:25:24,m,No,No,cash,237.51372056,49
163,34322,v0poyp4v,Joseph,531,22APR94:16:25:24,m,No,No,credit card,274.64408165,20
164,48202,NFkiHjkD,Adolf,532,20OCT56:16:25:24,m,No,No,credit card,405.89609705,58
165,46755,GjU0ksAd,Katharina,82,05JUL86:16:25:24,w,No,Yes,credit card,115.6230985,28
166,57714,ghJnM1Rb,Sieglinde,83,13MAR36:16:25:24,w,No,Yes,cash,132.27392369,78
167,59997,O9rkKV6Z,Eustachius,533,15DEC84:16:25:24,m,No,Yes,credit card,390.21635921,30
168,66465,aUtRQSng,Konrad,534,23JAN55:16:25:24,m,No,Yes,cash,101.74592486,59
169,50069,km0CFEfa,Franz,535,02MAR52:16:25:24,m,No,No,credit card,239.33247927,62
170,99413,RQ0dUx34,Burgunde,84,06APR57:16:25:24,w,No,Yes,credit card,142.51948313,57
171,70286,bAKACf7o,Georgine,85,21MAY84:16:25:24,w,No,No,credit card,219.11151851,30
172,74035,x4pYHlgV,Maria,86,11FEB86:16:25:24,w,No,No,credit card,2.5,28
173,65113,0Go12lhb,Bernhard,536,23JUL62:16:25:24,m,No,No,credit card,57.204296548,52
174,43509,H1NrMhMz,Engelbert,537,30JAN69:16:25:24,m,No,Yes,credit card,72.584334528,45
175,51269,9uxwNsXr,Anastasia,87,29JUL28:16:25:24,w,No,Yes,cash,308.72471296,86
176,67034,7GDdhe6R,Margarete,88,31MAY62:16:25:24,w,No,Yes,cash,362.52400723,52
177,39032,VlJVFpat,Joseph,538,01NOV79:16:25:24,m,No,No,credit card,789.94949641,35
178,49943,w5XASsXb,Therese,89,10FEB48:16:25:24,w,No,Yes,cash,249.39879522,66
179,64591,TODZsH3h,Christoph,539,10FEB84:16:25:24,m,No,No,credit card,692.93015429,30
180,47739,OgOSZPKJ,Roswitha,90,02FEB25:16:25:24,w,No,Yes,cash,469.48276829,89
181,88698,biBvW212,Margaret,91,31JUL80:16:25:24,w,No,Yes,credit card,217.50262716,34
182,55349,jPuStBk5,Babette,92,26APR96:16:25:24,w,Yes,No,cash,2.5,18
183,41620,yyGY9EBR,Elisabeth,93,23SEP63:16:25:24,w,No,No,credit card,219.6252148,51
184,47286,xXBXsi8m,Karl,540,22APR71:16:25:24,m,No,Yes,cheque,54.245067056,43
185,29847,SuIBpfAT,Simon,541,25JAN80:16:25:24,m,No,No,credit card,250.91681798,34
186,64008,GHX5UrH3,Lieselotte,94,08JUN58:16:25:24,w,No,No,cash,102.26658724,56
187,35733,atMTm4DU,Roswitha,95,24JUN40:16:25:24,w,No,Yes,cash,312.81550308,74
188,42090,fAf0KV8h,Georg,542,13SEP54:16:25:24,m,No,Yes,credit card,591.22106784,60
189,48578,QZNLpGKp,Stephan,543,09MAR67:16:25:24,m,No,Yes,cash,404.96590118,47
190,47195,ZYTytgk4,Anna,96,06AUG35:16:25:24,w,No,Yes,cash,372.34477249,79
191,18888,zMyeY8je,Anna,97,09JUN44:16:25:24,w,No,Yes,credit card,191.47529572,70
192,25161,gFkFRdaI,Melchior,544,14MAY75:16:25:24,m,No,Yes,cash,193.16056693,39
193,46716,Nyqhazd7,Magdalena,98,12OCT96:16:25:24,w,No,Yes,credit card,67.315656021,18
194,47893,ELNgicTB,Melchior,545,19OCT91:16:25:24,m,No,No,credit card,429.12186977,23
195,56568,NON7zHOC,Cäcilie,99,11JUN61:16:25:24,w,No,No,cheque,293.33817097,53
196,43635,cUrR418k,Veronika,100,23JUL83:16:25:24,w,No,Yes,credit card,134.59680569,31
197,34633,ho5RCxxm,Mathias,546,29JUL77:16:25:24,m,No,No,cheque,554.76072404,37
198,40549,H0TFG5MM,Genoveva,101,07JAN54:16:25:24,w,Yes,No,cash,176.76594035,60
199,51040,sVoaunIJ,Gertrud,102,11OCT90:16:25:24,w,Yes,No,cash,281.9981284,24
200,58722,Swk4xNs0,Ludwig,547,20JUL73:16:25:24,m,No,Yes,credit card,136.36286206,41
201,80109,NsreMU8i,Cäcilie,103,31OCT86:16:25:24,w,No,No,credit card,296.56079509,28
202,52623,Cu7KhuFs,Josefa,104,30NOV61:16:25:24,w,Yes,No,credit card,376.00991476,53
203,42372,YrFsXGUa,Nepomuk,548,21DEC38:16:25:24,m,No,Yes,credit card,408.92536525,76
204,29863,blsGaVg3,Adolf,549,28MAR74:16:25:24,m,No,No,credit card,57.573963281,40
205,50049,GWPSIUW2,Martin,550,16NOV83:16:25:24,m,No,No,credit card,671.69628783,31
206,35479,2PmPZWDK,Nikolaus,551,30MAY71:16:25:24,m,No,Yes,cash,170.16321827,43
207,49469,sxnpIUU0,Birgit,105,28JUN70:16:25:24,w,No,No,cash,122.52650653,44
208,52664,RxjVpJBM,Edmund,552,17AUG52:16:25:24,m,No,Yes,cash,360.35302816,62
209,61718,xaOh8lV5,Valentin,553,20MAR58:16:25:24,m,No,No,credit card,95.532341028,56
210,40753,TgZBAArX,Marie,106,07FEB63:16:25:24,w,No,Yes,credit card,468.60973571,51
211,49994,gtWZWYUM,Sebastian,554,03JAN77:16:25:24,m,No,No,credit card,833.49684535,37
212,57478,9UaJdXWX,Friedrich,555,20SEP96:16:25:24,m,No,No,cheque,165.84252457,18
213,41474,6A75rQhE,Caroline,107,11NOV83:16:25:24,w,No,No,credit card,2.5686988644,31
214,10869,qyO20YBw,Brigitte,108,11JAN79:16:25:24,w,No,Yes,cash,252.98116606,35
215,57968,HHfSwcYU,Anton,556,05JAN89:16:25:24,m,Yes,No,cash,490.10554249,25
216,49215,m8xXvUDx,Kaspar,557,22DEC87:16:25:24,m,No,No,credit card,652.70950413,27
217,40973,DDEoEUqq,Scholastika,109,08MAR81:16:25:24,w,Yes,No,credit card,186.86917911,33
218,81900,IPlhr6cC,Waltraud,110,13JUN70:16:25:24,w,Yes,No,credit card,177.98615166,44
219,40990,a1MWIOfr,Dionysius,558,19MAR93:16:25:24,m,No,No,cash,515.39836454,21
220,49525,iJ5T9LF1,Korbinian,559,06JAN85:16:25:24,m,No,No,credit card,141.33087145,29
221,57903,0dFBEzCp,Rupert,560,19DEC79:16:25:24,m,No,No,cash,702.57151024,35
222,15002,3djn1SDK,Josefine,111,13DEC80:16:25:24,w,No,Yes,credit card,149.24889238,34
223,52112,f3iAYzTo,Anton,561,07OCT96:16:25:24,m,No,No,credit card,363.93915841,18
224,40426,Nh4XuVkA,Antonia,112,31MAY34:16:25:24,w,No,Yes,credit card,302.31903083,80
225,63905,8ifgixwW,Bartholomäus,562,14JAN35:16:25:24,m,No,No,credit card,610.08947149,79
226,49742,MLlwwJCK,Adalbert,563,05AUG61:16:25:24,m,No,No,credit card,159.13921146,53
227,17715,yBQox9zl,Sophia,113,29APR51:16:25:24,w,Yes,No,cheque,583.06297828,63
228,71368,S4tBcsld,Christina,114,06DEC83:16:25:24,w,No,No,credit card,302.70883685,31
229,53312,4RSQEopW,Waltraud,115,09AUG78:16:25:24,w,No,Yes,credit card,133.05822111,36
230,33874,MXqsktgh,Korbinian,564,02OCT82:16:25:24,m,No,No,credit card,768.48108431,32
231,13014,k7lMPtjG,Magdalena,116,19SEP66:16:25:24,w,No,Yes,cash,388.23668288,48
232,64735,6MFtHeI8,(Franz)Xaver,565,07OCT78:16:25:24,m,No,No,credit card,609.40421614,36
233,37718,zrcauQ9a,Mathias,566,02DEC52:16:25:24,m,No,No,credit card,759.35445888,62
234,44241,RleMzwZg,Balthasar,567,07DEC51:16:25:24,m,No,No,credit card,495.16598974,63
235,38356,UhuQAJZQ,Antonia,117,24JUN58:16:25:24,w,No,No,credit card,470.66177029,56
236,26601,vhtTUr66,Andreas,568,23MAR66:16:25:24,m,No,Yes,cheque,286.06795246,48
237,24478,5F6ZW8VT,Edmund,569,14FEB25:16:25:24,m,Yes,No,cash,606.03159091,89
238,51727,xiQrFrpV,Annemarie,118,20DEC80:16:25:24,w,No,Yes,credit card,267.85994962,34
239,68734,THcgfMaD,Annemarie,119,09JUL63:16:25:24,w,No,No,credit card,350.87141257,51
240,47146,W1gqSYVC,Ignaz,570,26MAR51:16:25:24,m,No,Yes,cheque,168.23684,63
241,59557,KgOaIIMC,Hannelore,120,21JAN50:16:25:24,w,No,Yes,credit card,140.16970521,64
242,65094,Dl2LRoQV,Fidelius,571,30NOV39:16:25:24,m,No,Yes,credit card,74.493213147,75
243,72481,3DohFRui,Silvester,572,03SEP80:16:25:24,m,No,Yes,credit card,351.03870706,34
244,48789,z3POfQ5L,Rudolf,573,16JAN59:16:25:24,m,No,Yes,cheque,400.8447322,55
245,50412,cujNb6GQ,Joseph,574,24SEP32:16:25:24,m,No,No,credit card,59.946052919,82
246,44960,wQDb9td0,Cäcilie,121,24AUG32:16:25:24,w,No,No,credit card,735.47270052,82
247,34377,kLjV6JOu,Georgine,122,24FEB64:16:25:24,w,Yes,No,cash,334.64852806,50
248,39759,gXJ7Pwee,Bernhard,575,30DEC60:16:25:24,m,No,No,cash,491.05800067,54
249,13223,rLSnVvQj,Remigius,576,25NOV57:16:25:24,m,No,No,cheque,503.28817268,57
250,63118,OHIF3ecs,Eva,123,07FEB64:16:25:24,w,No,Yes,credit card,278.53345726,50
251,57443,QCU4Fgm4,Walburga,124,06JUN75:16:25:24,w,No,Yes,credit card,443.94192568,39
252,62035,Skf9fEaF,Hannes,577,20APR42:16:25:24,m,No,No,credit card,669.12108371,72
253,51027,3bgeC6rr,Anna,125,15NOV95:16:25:24,w,No,No,credit card,103.35710706,19
254,48898,R9s3bCKc,Cäcilia,126,01JUL86:16:25:24,w,No,No,credit card,379.32893651,28
255,50563,fCOAG56c,Franziska,127,16JUN86:16:25:24,w,No,Yes,cheque,330.55965152,28
256,74769,o2pM2yEq,Cäcilia,128,07JAN28:16:25:24,w,No,Yes,credit card,429.50141446,86
257,77123,DlHE0KbG,Thomas,578,14SEP31:16:25:24,m,No,Yes,cash,81.277746965,83
258,73594,ccJwT4lI,Laurentius,579,11MAR90:16:25:24,m,No,No,cash,443.3235596,24
259,35889,NON7zHOC,Michael,580,02OCT84:16:25:24,m,No,No,credit card,427.78879679,30
260,42147,H8tTp8Ky,Dominik,581,01JUN68:16:25:24,m,No,No,credit card,656.6025897,46
261,82634,KcQK62N7,Franz,582,18FEB79:16:25:24,m,No,No,credit card,634.36105067,35
262,33265,m5RrACFZ,Brigitte,129,22SEP95:16:25:24,w,No,No,credit card,518.22776123,19
263,34948,vRKFjQdu,Reinhard,583,26JAN24:16:25:24,m,No,No,credit card,194.68405566,90
264,78508,JApslbuL,(Franz)Xaver,584,12JUN62:16:25:24,m,No,No,credit card,487.43259166,52
265,55995,Kpf2hrAR,Melchior,585,02MAY86:16:25:24,m,No,Yes,cash,44.73564756,28
266,59520,ASSm0Gw4,Sabine,130,07OCT89:16:25:24,w,No,No,credit card,238.34265358,25
267,80052,4sOGEqYt,Nikolaus,586,06JAN86:16:25:24,m,No,No,cash,296.11020416,28
268,45010,Qnrk4KMI,Rosina,131,22MAR71:16:25:24,w,Yes,No,cheque,316.56290852,43
269,44502,yQjFRR1I,Babette,132,18JUL92:16:25:24,w,No,Yes,credit card,368.87911646,22
270,80619,dYdjH2uj,Scholastika,133,17DEC38:16:25:24,w,No,Yes,credit card,340.74494675,76
271,45063,joEpLf0I,Eva,134,20JUN62:16:25:24,w,No,Yes,credit card,590.73666188,52
272,46694,BtCY2Neh,Benjamin,587,07NOV74:16:25:24,m,No,No,credit card,971.45622198,40
273,73429,blsGaVg3,Valentin,588,22MAR68:16:25:24,m,No,No,credit card,146.6505305,46
274,87726,YI3zKILp,Josephine,135,06JUN79:16:25:24,w,No,Yes,credit card,328.39866657,35
275,28079,jHwjijNm,Christian,589,12MAR74:16:25:24,m,No,Yes,credit card,235.03828013,40
276,20520,CaZCagHV,Elisabeth,136,12MAY75:16:25:24,w,No,Yes,cash,182.45566951,39
277,69968,wZvgEvwM,Berthold,590,27APR68:16:25:24,m,No,No,credit card,517.78791655,46
278,40516,mcq4IyiE,Susanne,137,25JAN66:16:25:24,w,No,Yes,cash,534.74359727,48
279,73200,i2a9ZE9A,Alfons,591,31OCT58:16:25:24,m,No,Yes,credit card,586.26957169,56
280,61373,21jXDJXH,Josefine,138,28DEC96:16:25:24,w,Yes,No,cheque,252.99288915,18
281,42338,AkpK2ek7,Bernd,592,24MAY45:16:25:24,m,No,No,credit card,497.2283516,69
282,53600,3OjTesQd,Quirin,593,02APR86:16:25:24,m,No,No,credit card,515.79182207,28
283,46105,3OTKo0aH,Adolf,594,27JUN87:16:25:24,m,No,No,cheque,318.96249667,27
284,50302,Lsh1fsRZ,Katharina,139,13DEC40:16:25:24,w,No,Yes,cash,51.480358507,74
285,47605,5gcqkuAs,Bettina,140,09AUG59:16:25:24,w,No,Yes,cheque,271.37331907,55
286,36949,woLIg9Df,Reinhold,595,11FEB44:16:25:24,m,No,No,credit card,169.67576392,70
287,36516,Fz87IKuW,Caroline,141,18MAY55:16:25:24,w,Yes,No,cash,15.86436756,59
288,46064,4xMw6Flo,Matthias,596,16JUN73:16:25:24,m,No,No,credit card,425.36789719,41
289,25624,rUOCHd2E,Eva,142,10DEC50:16:25:24,w,No,No,credit card,54.460631253,64
290,54630,6jIToUwA,Magdalena,143,07OCT38:16:25:24,w,No,No,cash,363.73021099,76
291,36854,cSNIjLTA,Sophia,144,20DEC74:16:25:24,w,No,Yes,credit card,256.15380341,40
292,38249,pCUO5AGa,Ferdinand,597,25SEP82:16:25:24,m,No,No,cash,465.56291432,32
293,61079,eqzP2w4V,Martin,598,22JAN24:16:25:24,m,No,Yes,credit card,427.5565594,90
294,33974,4pEvG68d,Georg,599,19NOV85:16:25:24,m,Yes,No,credit card,220.10018429,29
295,66899,DiIeXlNJ,Maximilian,600,01DEC70:16:25:24,m,No,No,credit card,2.5,44
296,45249,Uo9Qy2M4,Johannes,601,19NOV79:16:25:24,m,No,No,credit card,126.61203852,35
297,70899,vedLoUod,Herbert,602,19NOV57:16:25:24,m,No,Yes,credit card,341.02337375,57
298,72315,2xbLvYQk,(Franz)Xaver,603,01FEB74:16:25:24,m,No,No,credit card,693.66892328,40
299,91189,TgZBAArX,Rosmarie,145,01SEP74:16:25:24,w,Yes,No,credit card,433.6551362,40
300,67613,xGqvVQV2,Gertrud,146,10AUG73:16:25:24,w,Yes,No,cash,325.83428775,41
301,46235,BqH79m89,Ottilie,147,29JUN74:16:25:24,w,No,Yes,credit card,380.25093372,40
302,52651,LdZvNRAt,Burgunde,148,28JUN77:16:25:24,w,No,No,credit card,264.05969788,37
303,44574,dbWSIwf2,Klothilde,149,20MAR80:16:25:24,w,No,Yes,credit card,355.22235637,34
304,50719,vaOkeJW0,Walburga,150,05NOV27:16:25:24,w,No,No,credit card,54.838491385,87
305,37813,vZ07uHX3,Georg,604,23JUL61:16:25:24,m,No,Yes,cash,305.25763632,53
306,54398,hNYTDtWL,Herbert,605,28DEC93:16:25:24,m,No,No,credit card,538.34538934,21
307,24693,vZ07uHX3,Alexander,606,29JUN67:16:25:24,m,No,No,credit card,384.40046389,47
308,44758,Zqrmm6Jw,Thomas,607,31MAY71:16:25:24,m,No,No,cash,489.46141366,43
309,39553,5MozbqJ4,Alois,608,01APR60:16:25:24,m,No,Yes,credit card,2.5,54
310,31650,6xb3RPor,Melchior,609,19SEP67:16:25:24,m,No,No,credit card,219.95370995,47
311,37704,i85Q2th4,Franziska,151,02JUN37:16:25:24,w,No,Yes,credit card,337.05858295,77
312,46399,qMrUdy5L,Maria,152,04JUN93:16:25:24,w,No,No,credit card,480.1863495,21
313,40678,KJ6hj6sI,Stefan,610,25JUN62:16:25:24,m,No,Yes,credit card,566.63828149,52
314,41306,znRJwkZk,Alexander,611,18APR59:16:25:24,m,No,No,cash,433.45022869,55
315,77994,wHh275mF,Maria,153,01APR49:16:25:24,w,No,Yes,cheque,191.67073145,65
316,64693,40xiWgv9,Sabine,154,01NOV58:16:25:24,w,No,No,credit card,18.360124311,56
317,49720,HjX4YiFL,Hartmut,612,30NOV96:16:25:24,m,No,No,cash,256.02271463,18
318,54095,ettsoaY5,Wilhelmine,155,04MAY95:16:25:24,w,Yes,No,credit card,320.35483952,19
319,51442,AbFUUDxr,Rosina,156,24OCT92:16:25:24,w,No,No,credit card,299.44506464,22
320,78779,8TyhrvGv,Josephine,157,06DEC49:16:25:24,w,No,Yes,cash,183.68970467,65
321,73779,crPUYdcS,Stefan,613,06JUN42:16:25:24,m,No,No,credit card,566.33574471,72
322,67998,CM3V0ou3,Silvester,614,08JUL70:16:25:24,m,No,No,cash,699.94430679,44
323,65338,lDWNCoE1,Johanna,158,28JAN96:16:25:24,w,No,Yes,cheque,2.5,18
324,68530,wJuasCGW,Gertraud,159,01MAR75:16:25:24,w,No,Yes,credit card,298.92735618,39
325,33295,MIEAsPbM,Silvester,615,28JUN87:16:25:24,m,No,No,cash,270.52482637,27
326,57985,fCOAG56c,Katharina,160,26FEB97:16:25:24,w,No,No,credit card,302.38716205,17
327,66980,oDpMToNk,Christina,161,22OCT36:16:25:24,w,No,Yes,credit card,392.07355985,78
328,54628,7xDlBkHr,Gertrud,162,22MAY68:16:25:24,w,No,Yes,credit card,206.01563393,46
329,67996,ZTyyUGup,Fidelius,616,14FEB24:16:25:24,m,No,Yes,credit card,530.29654269,90
330,49659,XMDsRKKc,Martin,617,19OCT58:16:25:24,m,Yes,No,cash,438.79814502,56
331,25174,W0Sz5GCv,Mathilde,163,04JUN76:16:25:24,w,No,No,credit card,230.29062338,38
332,66955,ASSm0Gw4,Creszenzia,164,12SEP83:16:25:24,w,No,No,credit card,674.64081731,31
333,65466,Mqvdh12w,Matthias,618,04DEC72:16:25:24,m,No,Yes,credit card,648.24861559,42
334,89598,3UkCKVjJ,Rupert,619,23JUN67:16:25:24,m,No,Yes,cash,277.89665627,47
335,85366,akWNQl4e,Benjamin,620,16SEP65:16:25:24,m,Yes,No,credit card,280.84806989,49
336,54585,IflVtKHF,Christoph,621,20FEB80:16:25:24,m,No,No,credit card,333.72302288,34
337,58826,ZYsjhFn3,Sebastian,622,22APR61:16:25:24,m,No,Yes,cash,375.95684738,53
338,63490,ZFaQjitd,Notburga,165,10OCT95:16:25:24,w,No,No,credit card,369.35559131,19
339,46321,xE1iyLHy,Eva,166,25MAR68:16:25:24,w,No,Yes,credit card,6.1062254851,46
340,72804,n9xZIo4a,Blasius,623,07NOV60:16:25:24,m,No,No,credit card,492.15396516,54
341,53175,Kq90bhm1,Gottfried,624,30JAN50:16:25:24,m,No,No,credit card,758.61941152,64
342,69314,T4rOqdyp,Rosina,167,20MAR84:16:25:24,w,No,No,credit card,140.16105069,30
343,32350,fAf0KV8h,Antonia,168,15FEB62:16:25:24,w,No,Yes,credit card,798.35425927,52
344,32949,s4mJquiX,Georgine,169,04JUN38:16:25:24,w,No,Yes,cash,257.38748547,76
345,94207,BuEY7Tpn,Gregor,625,26JUN48:16:25:24,m,No,No,credit card,2.5,66
346,51967,3rgi5H7g,Joseph,626,19MAY79:16:25:24,m,No,Yes,credit card,548.67813208,35
347,20801,28Rviqp0,Mathias,627,10JUN86:16:25:24,m,No,Yes,credit card,30.190915603,28
348,51712,ih6RmUWh,Fidelius,628,02APR72:16:25:24,m,No,No,credit card,385.19663059,42
349,60265,w92VXAun,Gottfried,629,01OCT80:16:25:24,m,No,No,credit card,341.93038908,34
350,25041,zNxS6ml5,Adolf,630,15JAN90:16:25:24,m,No,No,credit card,728.17638995,24
351,95836,4fx76BIW,Waltraud,170,06JUN64:16:25:24,w,No,Yes,credit card,174.3672387,50
352,52397,fTCWPuYd,Magdalena,171,17MAY37:16:25:24,w,No,Yes,credit card,327.57099557,77
353,52628,6eSYlIJJ,Reinhold,631,03SEP72:16:25:24,m,No,No,credit card,645.47326316,42
354,20069,hFr4nhjX,Franz,632,28MAY42:16:25:24,m,No,No,credit card,566.20106581,72
355,67346,0JbDpFTI,Quirin,633,27MAY70:16:25:24,m,No,No,credit card,408.67698479,44
356,46361,P2HEkPoi,Irmgard,172,03JAN70:16:25:24,w,Yes,No,cash,371.43347717,44
357,43807,YEYnfgDQ,Ursula,173,25AUG93:16:25:24,w,No,No,credit card,123.01856932,21
358,70427,S5jIf47v,Matthias,634,08DEC95:16:25:24,m,No,No,credit card,421.96380686,19
359,35235,DlHE0KbG,Christoph,635,08MAY60:16:25:24,m,No,Yes,cash,2.5,54
360,55511,uGdg8HuX,Andreas,636,20JUL67:16:25:24,m,No,No,credit card,564.87347136,47
361,57638,Eaix7H1b,Margarete,174,02MAY31:16:25:24,w,Yes,No,credit card,251.54092123,83
362,48902,hJV6pIKL,Roswitha,175,24DEC90:16:25:24,w,No,No,credit card,403.25923726,24
363,28556,wPGhhnoA,Christoph,637,16AUG94:16:25:24,m,No,No,cheque,729.20256803,20
364,67547,GkaDlXFS,Blasius,638,27DEC45:16:25:24,m,No,Yes,cash,117.50518483,69
365,29795,CSooRpLP,Adalbert,639,22AUG71:16:25:24,m,No,No,credit card,877.57004694,43
366,45238,71vABnjs,Leonhard,640,16DEC74:16:25:24,m,No,No,credit card,381.70517566,40
367,80550,ZSgbd3KQ,Christoph,641,15JAN41:16:25:24,m,No,No,cheque,95.929903872,73
368,52403,mKaYvZby,Stefan,642,18MAR64:16:25:24,m,No,No,credit card,17.320136553,50
369,57958,210LCbHt,Edmund,643,14AUG91:16:25:24,m,No,No,cash,448.20787212,23
370,36222,X7hsubnG,Mathias,644,25JUN93:16:25:24,m,No,No,credit card,450.99802132,21
371,73650,EHE63QaR,Peter,645,09APR66:16:25:24,m,No,Yes,cheque,192.81589221,48
372,61146,BHRbmBG0,Barbara,176,07NOV73:16:25:24,w,Yes,No,credit card,196.58700758,41
373,38658,fh9NmHbn,Joachim,646,05JUL90:16:25:24,m,No,No,credit card,212.0893635,24
374,37038,YkGqEBcY,Creszenzia,177,04FEB93:16:25:24,w,No,No,credit card,177.90981171,21
375,70061,GpAxlaQf,Manfred,647,03JUN49:16:25:24,m,No,No,credit card,14.491186837,65
376,66735,i3cyYO5T,Mathias,648,02MAR75:16:25:24,m,No,Yes,cash,624.65512657,39
377,38337,FlWk4pc0,Leonhard,649,01NOV33:16:25:24,m,No,Yes,credit card,323.24422424,81
378,32502,GlXuIBNN,Sophie,178,07SEP75:16:25:24,w,No,Yes,cash,122.12175927,39
379,76498,cabmK8ni,Annemarie,179,02JUN66:16:25:24,w,No,Yes,credit card,428.08427717,48
380,40211,vTa5gtGB,Marinus,650,02SEP28:16:25:24,m,No,Yes,cash,395.54798071,86
381,38748,35KT5qKJ,Kaspar,651,24MAY87:16:25:24,m,No,No,cheque,556.5399575,27
382,46792,qzwNDfQU,Maria,180,15NOV44:16:25:24,w,Yes,No,credit card,272.44229827,70
383,55746,wHh275mF,Lorenz,652,31JUL95:16:25:24,m,No,No,credit card,383.52233231,19
384,30813,IaV8LWhH,Lukas,653,15JAN96:16:25:24,m,No,No,credit card,867.8543826,18
385,71442,D0x9RSKN,Elisabeth,181,20JAN74:16:25:24,w,No,Yes,credit card,371.35651623,40
386,51590,z8mF5Azh,Engelbert,654,07JUL23:16:25:24,m,No,Yes,credit card,2.5,91
387,31324,UkAvVEOR,Elisabeth,182,11NOV91:16:25:24,w,Yes,No,cash,220.28509505,23
388,65409,QTnxSy2W,Kreszentia,183,18JUL77:16:25:24,w,No,Yes,cash,351.60580242,37
389,63963,dgBsdhp8,Hartmut,655,01MAY56:16:25:24,m,No,No,credit card,650.75289076,58
390,42483,HjpQwvBx,Franziska,184,21JUN62:16:25:24,w,No,Yes,credit card,250.40104838,52
391,40497,OUAcaGfJ,Benjamin,656,07JAN51:16:25:24,m,No,Yes,cash,273.53755051,63
392,59976,U6X1rqgu,Manfred,657,21JUL91:16:25:24,m,No,No,cash,759.34455619,23
393,70119,BaDIalu0,Rosmarie,185,29JAN81:16:25:24,w,No,Yes,cash,379.72715176,33
394,44066,dWyMpK2O,Alois,658,05JAN90:16:25:24,m,No,Yes,credit card,142.44258836,24
395,38982,rslIqHw5,Joseph,659,08APR69:16:25:24,m,No,No,cash,2.5,45
396,37202,Q3hYvLDE,Bernhard,660,18FEB59:16:25:24,m,No,No,credit card,768.63716651,55
397,52545,vtqPRomS,Quirin,661,29JUL53:16:25:24,m,No,No,credit card,293.85589694,61
398,61923,XmWeSHa3,Georgine,186,03NOV92:16:25:24,w,No,No,credit card,86.194037693,22
399,28283,mLVdYdBO,Walburga,187,10JUL57:16:25:24,w,No,Yes,credit card,255.3178493,57
400,93646,sgulbWJH,Christian,662,30JUL62:16:25:24,m,No,No,credit card,282.45040156,52
401,46955,cTZLWxxP,Gertraud,188,26NOV80:16:25:24,w,No,No,cash,246.55670847,34
402,50636,vQJOJWtc,Vinzenz,663,18SEP57:16:25:24,m,No,Yes,cash,518.90411429,57
403,48136,6G4zWWkD,Florian,664,22SEP52:16:25:24,m,No,No,credit card,498.50997039,62
404,34665,pCaMBaG6,Wolfram,665,07JUN22:16:25:24,m,No,Yes,credit card,324.88899378,92
405,26207,xNG27YQ2,Margaret,189,27MAY69:16:25:24,w,No,Yes,credit card,86.185950202,45
406,47276,TrAH1gPk,Johanna,190,02JAN60:16:25:24,w,No,Yes,credit card,173.98981433,54
407,30778,XCpo5Tzh,Florian,666,06OCT58:16:25:24,m,No,Yes,cash,36.081446264,56
408,43360,Lizi5rSf,Christoph,667,13SEP93:16:25:24,m,No,No,cash,662.13184028,21
409,70849,OeIR5JWQ,Gottfried,668,10APR72:16:25:24,m,No,No,credit card,920.72668194,42
410,32114,VnnvzNUc,Alfons,669,02JUL83:16:25:24,m,No,Yes,credit card,296.647324,31
411,65906,FHr5Ot68,Joseph,670,10SEP91:16:25:24,m,No,No,cheque,232.67444352,23
412,42444,tAQsnNjn,Johanna,191,16MAR97:16:25:24,w,No,Yes,credit card,445.34435702,17
413,46243,kBtGPHli,Alfons,671,23MAY47:16:25:24,m,No,No,credit card,541.72309504,67
414,67865,rslIqHw5,Victoria,192,31MAR40:16:25:24,w,Yes,No,credit card,270.96042636,74
415,52448,ZdHwvfCs,Elisabeth,193,04JAN65:16:25:24,w,No,Yes,credit card,299.65075789,49
416,55026,nM1wa8nb,Mathias,672,21JUN70:16:25:24,m,No,Yes,cash,450.00725421,44
417,41807,6D2VeM7T,Johann,673,29MAY38:16:25:24,m,No,Yes,cash,722.69125551,76
418,39688,M0KFbg7V,Georg,674,01NOV61:16:25:24,m,No,Yes,cash,251.75299822,53
419,73947,WMQcB9Hn,Andreas,675,29MAR38:16:25:24,m,No,No,credit card,186.36122109,76
420,39258,imGPIAIz,Gertraud,194,02FEB34:16:25:24,w,No,No,credit card,315.01568634,80
421,63834,Iw9t9jxM,Dionysius,676,03MAR73:16:25:24,m,Yes,No,cash,2.5,41
422,46446,u5RyRaRh,Christian,677,10MAY48:16:25:24,m,No,Yes,cash,421.23688659,66
423,21946,QKhGQTq6,Caroline,195,01NOV62:16:25:24,w,Yes,No,credit card,110.74300444,52
424,48646,FjCT7NF8,Augusta,196,25JUN85:16:25:24,w,No,No,credit card,328.09152601,29
425,51849,PEjNsxdD,Thomas,678,26APR37:16:25:24,m,No,No,credit card,205.39760485,77
426,48379,gkPbGRmx,Remigius,679,20MAR56:16:25:24,m,No,No,credit card,783.39620773,58
427,41684,KKZLUbvs,Sebastian,680,16MAY60:16:25:24,m,No,No,credit card,927.85402438,54
428,60421,GofO3xGl,Anna,197,26NOV85:16:25:24,w,No,No,credit card,66.926614168,29
429,26225,wHh275mF,Waltraud,198,01NOV94:16:25:24,w,No,No,credit card,64.76438767,20
430,52388,KGVlpn8K,Quirin,681,20APR77:16:25:24,m,No,No,credit card,2.5,37
431,75968,KYmSR2vE,Silvester,682,21SEP44:16:25:24,m,No,Yes,cash,179.10977651,70
432,59994,lipDk8MI,Siegfried,683,11AUG82:16:25:24,m,No,No,credit card,401.29038282,32
433,70285,1DV3f83o,Martin,684,23JUN35:16:25:24,m,No,Yes,credit card,309.66163811,79
434,45239,tCO5Wx5Y,Alexander,685,10OCT67:16:25:24,m,No,No,credit card,2.5,47
435,39535,M4f7DRys,Benno,686,12APR87:16:25:24,m,No,No,credit card,35.881212407,27
436,59980,C5g6ifZj,Margaret,199,04FEB64:16:25:24,w,No,Yes,cash,116.841748,50
437,60443,R9s3bCKc,Marlene,200,22AUG92:16:25:24,w,No,No,credit card,241.79365521,22
438,53322,dXngQAKL,Lorenz,687,23JUL57:16:25:24,m,No,No,credit card,2.5,57
439,67456,3p6Q9p9B,Balthasar,688,29JUL37:16:25:24,m,No,Yes,credit card,423.11157213,77
440,78741,JN5vTby9,Susanne,201,04OCT74:16:25:24,w,No,Yes,cash,207.66400089,40
441,74109,bxF6fwXj,Alfons,689,21OCT79:16:25:24,m,No,No,credit card,138.32994331,35
442,71592,YvVWet3Y,Hannelore,202,03MAY65:16:25:24,w,No,Yes,credit card,2.5,49
443,76001,hIoHR9yD,Matthias,690,14AUG46:16:25:24,m,No,No,credit card,666.24995774,68
444,63378,OPkZVDS3,Ursula,203,05JUN70:16:25:24,w,No,No,credit card,410.97765573,44
445,20964,pXvDL0bK,Rupert,691,28MAR90:16:25:24,m,No,No,credit card,421.8963003,24
446,91024,Zgw914sP,Fridolin,692,27SEP55:16:25:24,m,No,Yes,cash,41.574583667,59
447,56572,1UOUsi3Z,Anna,204,17FEB80:16:25:24,w,No,No,credit card,331.75127668,34
448,58427,4HY6rffO,Wilhelmine,205,11NOV46:16:25:24,w,Yes,No,credit card,394.86723619,68
449,47168,LdZvNRAt,Johann,693,26MAY95:16:25:24,m,No,No,credit card,142.02441391,19
450,48117,NAdFk1Tr,Valentin,694,16AUG52:16:25:24,m,No,No,credit card,421.62395824,62
451,41669,twPKVhgh,Georg,695,06APR65:16:25:24,m,No,No,credit card,565.0227559,49
452,13826,9ntGGAsv,Christoph,696,15FEB60:16:25:24,m,No,No,credit card,1103.6462534,54
453,52371,N0kWz600,Jakob,697,24SEP76:16:25:24,m,No,No,credit card,465.37555961,38
454,47336,vponIBAp,Lorenz,698,23JUL70:16:25:24,m,No,Yes,cash,355.24039869,44
455,57030,20oBj60n,Stephan,699,11SEP61:16:25:24,m,Yes,No,cheque,416.90722866,53
456,77099,K2e75GKd,Rosemarie,206,11DEC62:16:25:24,w,No,Yes,credit card,520.08733167,52
457,47943,mKShmzZe,Cäcilie,207,11SEP51:16:25:24,w,No,Yes,credit card,47.486036929,63
458,40398,BUkdkv7j,Johannes,700,06MAY62:16:25:24,m,No,Yes,cash,57.309392001,52
459,73759,7LD5QKiB,Annemarie,208,23NOV47:16:25:24,w,Yes,No,credit card,199.76521169,67
460,50292,7vZ8bVca,Roswitha,209,22OCT59:16:25:24,w,No,Yes,credit card,268.6983685,55
461,56261,fUkuoOrN,Edmund,701,09JAN44:16:25:24,m,Yes,No,cash,488.04749262,70
462,35004,HWWTBf6e,Bernadette,210,26JUN69:16:25:24,w,Yes,No,credit card,418.30589588,45
463,46624,Ek3zONY4,Kreszentia,211,03JAN44:16:25:24,w,No,Yes,credit card,212.5892499,70
464,42410,lsbbuWoz,Vinzenz,702,14JUL65:16:25:24,m,No,Yes,credit card,118.83376116,49
465,66872,y1nBm0uq,Lieselotte,212,09SEP54:16:25:24,w,No,Yes,credit card,329.65752006,60
466,32125,GL3EKIXB,Maximilian,703,18MAY59:16:25:24,m,No,No,credit card,482.47232373,55
467,58135,BN3befSs,Magdalena,213,31DEC95:16:25:24,w,No,Yes,credit card,36.862616772,19
468,38400,H8tTp8Ky,Walburga,214,20AUG94:16:25:24,w,No,No,credit card,229.81876047,20
469,40672,6ZvYkAYA,Gertrud,215,31OCT94:16:25:24,w,No,No,credit card,415.86137108,20
470,21371,qIpY340n,Vinzenz,704,07JAN78:16:25:24,m,No,No,credit card,759.62358354,36
471,49575,RWDVb00w,Reinhard,705,18OCT86:16:25:24,m,Yes,No,cheque,391.00714931,28
472,31231,OiMvd9Yc,Antonia,216,23SEP95:16:25:24,w,No,No,credit card,599.61820229,19
473,31454,ELmyVSAi,Stephan,706,16JUN55:16:25:24,m,No,Yes,cash,138.85355172,59
474,48009,yejS1Mzo,Scholastika,217,14AUG95:16:25:24,w,No,No,credit card,470.41668937,19
475,51324,85IIDJb3,Eva,218,13NOV77:16:25:24,w,No,Yes,credit card,101.66378056,37
476,46428,82BIkDkP,Leonhard,707,07APR67:16:25:24,m,No,No,credit card,572.48655108,47
477,69865,qDo9W06U,Leopold,708,22MAR62:16:25:24,m,No,No,credit card,981.38148836,52
478,60330,2FlbPxHF,Christian,709,24DEC57:16:25:24,m,No,Yes,cash,157.54850537,57
479,29221,NNbROgIt,Matthäus,710,07NOV78:16:25:24,m,No,No,credit card,669.70352782,36
480,24440,xQwke1qY,Kunigunde,219,30DEC84:16:25:24,w,No,No,credit card,437.63583113,30
481,58540,XP8VoIk5,Sebastian,711,25SEP81:16:25:24,m,No,No,credit card,643.45711358,33
482,52955,AkJfkAuf,Ferdinand,712,16AUG41:16:25:24,m,No,Yes,cash,166.66505394,73
483,47613,x1n8swtd,Simon,713,11NOV42:16:25:24,m,No,No,credit card,26.469482133,72
484,45567,F6yRqbEo,Matthias,714,21JUL64:16:25:24,m,No,No,credit card,434.46977668,50
485,38455,3WW2RIh0,Laurentius,715,02JUL36:16:25:24,m,Yes,No,credit card,108.68099956,78
486,24685,1aFqs1yO,Ferdinand,716,22MAY92:16:25:24,m,No,No,cash,595.40737726,22
487,40852,UXNDaquE,Scholastika,220,02DEC84:16:25:24,w,No,Yes,cash,215.40717712,30
488,69484,yk7RmqC3,Cäcilia,221,04MAR67:16:25:24,w,No,Yes,credit card,252.04072524,47
489,54133,FFHYrq2R,Barbara,222,10OCT94:16:25:24,w,No,No,credit card,399.75435269,20
490,45103,wQjEDrl8,Antonia,223,14JUN50:16:25:24,w,Yes,No,cheque,264.86545883,64
491,34190,vmqGVieR,Silvester,717,21SEP89:16:25:24,m,No,Yes,credit card,611.15715725,25
492,81622,gu5K6PC0,Katrin,224,06AUG47:16:25:24,w,Yes,No,credit card,212.55815897,67
493,70974,C6zIFfnV,Eustachius,718,31OCT90:16:25:24,m,No,No,credit card,145.5363556,24
494,45689,fYcLN1ti,Mathilde,225,06APR69:16:25:24,w,No,Yes,credit card,114.81651138,45
495,65625,Lv6bHYMT,Peter,719,24MAR84:16:25:24,m,No,No,credit card,534.32363329,30
496,49005,wHh275mF,Waltraud,226,19AUG41:16:25:24,w,No,Yes,cash,312.68485511,73
497,59033,HudYaD06,Konrad,720,07APR35:16:25:24,m,Yes,No,cash,347.90971845,79
498,18418,q0dOHlRd,Leopold,721,21JUN67:16:25:24,m,No,No,credit card,624.80747772,47
499,58885,FHALZCAu,Katrin,227,30MAR45:16:25:24,w,No,No,cash,487.69012475,69
500,15607,ygcF4CO1,Josefine,228,09SEP58:16:25:24,w,No,Yes,cheque,559.88583493,56
501,58176,IJ5eIqCU,Barbara,229,31AUG86:16:25:24,w,No,No,credit card,201.42014818,28
502,89514,1ku04YJG,Therese,230,20NOV88:16:25:24,w,No,No,cash,206.83807768,26
503,60348,bGdHEYeB,Elisabeth,231,04MAR76:16:25:24,w,No,Yes,credit card,330.75255548,38
504,19635,hWWsbvFV,Josefa,232,23AUG74:16:25:24,w,Yes,No,credit card,216.19185125,40
505,46792,eWjS5w8b,Michael,722,22SEP37:16:25:24,m,No,Yes,credit card,97.33124132,77
506,46349,SMstnaz9,Ignaz,723,12JUL79:16:25:24,m,No,Yes,cash,396.82065664,35
507,31280,80PGKjhR,Katharina,233,11APR61:16:25:24,w,No,Yes,cash,172.4547301,53
508,44756,xj6Zgj6j,Ottilie,234,16SEP56:16:25:24,w,No,Yes,credit card,166.83945624,58
509,63209,C5g6ifZj,Victoria,235,09MAR91:16:25:24,w,No,No,credit card,390.99992975,23
510,57550,LoJIg9Xc,Sabine,236,20NOV42:16:25:24,w,No,Yes,credit card,148.43928257,72
511,70441,aCo8NJCD,(Franz)Xaver,724,02FEB56:16:25:24,m,No,No,credit card,288.5426995,58
512,51710,OZ36TOSi,Edeltraud,237,20OCT96:16:25:24,w,No,Yes,credit card,272.93249469,18
513,41669,BjATVOv7,Burgunde,238,27JAN67:16:25:24,w,No,Yes,cash,260.17013376,47
514,31894,AIOIGQsl,Franz,725,04MAR73:16:25:24,m,No,Yes,cash,160.46432582,41
515,57822,YbRWLBNt,Georg,726,23MAR55:16:25:24,m,No,No,credit card,371.51581441,59
516,48691,TkTaU6Ei,Vitus,727,22MAR95:16:25:24,m,No,No,credit card,130.64333351,19
517,41464,MFEnh7bK,Notburga,239,17JUL95:16:25:24,w,No,No,credit card,206.08769771,19
518,42002,ocLvIKIN,Hannes,728,09OCT60:16:25:24,m,Yes,No,credit card,407.33137999,54
519,53455,qfqG0jwP,Eduard,729,11FEB70:16:25:24,m,No,No,credit card,430.08960377,44
520,57398,mC1mXZvF,Alois,730,16AUG80:16:25:24,m,No,No,credit card,2.5,34
521,58218,cD0f3l1e,Albert,731,26JUN85:16:25:24,m,No,No,cash,459.64045751,29
522,41219,RXev5Ebs,Marinus,732,11JAN36:16:25:24,m,No,Yes,credit card,225.53019653,78
523,61552,Ge78zAAF,Sabine,240,25MAR84:16:25:24,w,No,Yes,cash,149.81614935,30
524,30761,bGVBf0fv,Christoph,733,22MAR63:16:25:24,m,No,No,credit card,616.01861734,51
525,39409,HvzpxffH,Magdalena,241,04JUL74:16:25:24,w,No,Yes,credit card,265.23147019,40
526,46263,sST2q5dY,Bettina,242,09SEP33:16:25:24,w,No,Yes,credit card,170.20397207,81
527,22022,txwqlFrx,Georg,734,20SEP73:16:25:24,m,No,No,credit card,390.24074442,41
528,37031,5HsKGpu7,Gertrud,243,10APR60:16:25:24,w,No,Yes,cash,42.711153107,54
529,56543,IL0FQwuT,Wolfram,735,19JUL85:16:25:24,m,No,No,credit card,487.53397153,29
530,69146,KznIZlsO,Verena,244,10OCT26:16:25:24,w,No,Yes,credit card,148.083014,88
531,42652,biBvW212,Rosina,245,21AUG77:16:25:24,w,No,Yes,credit card,19.770541254,37
532,46949,27GuyYYU,Babette,246,13NOV93:16:25:24,w,No,No,credit card,374.00944107,21
533,24239,F72y4CHK,Hartmut,736,15APR76:16:25:24,m,No,Yes,cash,2.5,38
534,56200,qfqG0jwP,Christoph,737,11JUL58:16:25:24,m,Yes,No,cheque,24.397708655,56
535,60428,jgTEURan,Korbinian,738,31JUL41:16:25:24,m,No,No,cash,349.05273155,73
536,24270,XhDRv5mi,Antonia,247,10JUN58:16:25:24,w,No,Yes,credit card,442.97078337,56
537,76387,pM6ncCcg,Alois,739,16APR77:16:25:24,m,No,No,cash,741.55669438,37
538,39822,L1KUkYjX,Edmund,740,21JAN80:16:25:24,m,No,No,credit card,2.5,34
539,68737,8C4swT2C,Quirin,741,12JUL72:16:25:24,m,No,No,credit card,641.67095766,42
540,27368,dee79fB6,Bettina,248,26SEP96:16:25:24,w,No,No,credit card,622.46161389,18
541,19681,IOgbGQi6,Ludwig,742,14JUN83:16:25:24,m,No,No,credit card,406.04426382,31
542,59370,bItyHa6q,Albert,743,21JAN97:16:25:24,m,No,No,credit card,592.81396107,17
543,49474,DIw2K055,Georgine,249,13JUN30:16:25:24,w,Yes,No,credit card,210.3179011,84
544,40098,kKqv3Qja,Margaret,250,11SEP67:16:25:24,w,Yes,No,cheque,342.5421577,47
545,44021,vBuaPTLy,Franziska,251,26DEC54:16:25:24,w,No,Yes,credit card,144.08062801,60
546,67963,40jeoiUq,Laurentius,744,03JUL95:16:25:24,m,No,No,cash,2.5,19
547,26742,xOYD8deg,Lukas,745,03DEC85:16:25:24,m,No,No,credit card,1039.2775178,29
548,26349,osRHYXPI,Sebastian,746,27OCT87:16:25:24,m,No,No,cash,2.5,27
549,75265,CDMLQ1KZ,Christina,252,26APR80:16:25:24,w,No,Yes,credit card,193.70024771,34
550,52623,Ff3lZmg5,Eustachius,747,06SEP92:16:25:24,m,No,No,credit card,674.17483576,22
551,52035,RMeJtZch,Anastasia,253,08JAN59:16:25:24,w,No,Yes,cash,271.92260397,55
552,28681,WQM9A4KR,Franz,748,22MAR46:16:25:24,m,No,Yes,cash,275.77939107,68
553,35230,LDm6Dsk4,Walburga,254,29JAN85:16:25:24,w,No,No,credit card,520.27701578,29
554,40374,p5GybWYd,Alfons,749,11JUN81:16:25:24,m,No,No,credit card,653.67004541,33
555,26091,9tYOT2au,August,750,28DEC56:16:25:24,m,No,Yes,cash,518.31588524,58
556,51596,BWpxSlU4,Eva,255,12JAN51:16:25:24,w,No,Yes,credit card,505.91063996,63
557,62613,oTZDktHt,Georgine,256,29DEC66:16:25:24,w,No,Yes,cash,283.53207602,48
558,70219,5DEhdw4r,Hannelore,257,28APR82:16:25:24,w,No,Yes,credit card,381.2881474,32
559,47321,lvzkCIBX,Ursula,258,27JAN87:16:25:24,w,No,Yes,cash,453.89627164,27
560,40261,mhlXMfhk,Veronika,259,04SEP95:16:25:24,w,No,Yes,cash,346.64126305,19
561,67859,gXZ8rO9p,Katrin,260,07OCT62:16:25:24,w,Yes,No,credit card,320.10162629,52
562,80650,8UVYIdiq,Vitus,751,22JUL96:16:25:24,m,No,No,credit card,811.37273911,18
563,51280,aLkVKMxb,Ludwig,752,12APR65:16:25:24,m,No,No,credit card,481.94924599,49
564,42537,3JCDKir5,Nepomuk,753,05JAN89:16:25:24,m,No,No,credit card,2.4999974326,25
565,51589,bc50enYj,Katharina,261,28FEB72:16:25:24,w,No,Yes,cash,217.90853012,42
566,49758,Qio3jgCL,Sieglinde,262,10APR71:16:25:24,w,No,Yes,credit card,336.45369579,43
567,54399,pESQsFYn,Heinrich,754,28APR64:16:25:24,m,No,No,credit card,884.51575465,50
568,35508,egiVEO2C,Heinrich,755,17MAR67:16:25:24,m,No,Yes,cash,322.41702631,47
569,61045,adpRucto,Marie,263,25MAR69:16:25:24,w,No,Yes,cash,339.11269428,45
570,66636,cue1J9YL,Dorothea,264,19JUL64:16:25:24,w,No,No,credit card,328.86381761,50
571,42795,9EepdQKj,Gregor,756,28JAN80:16:25:24,m,No,Yes,credit card,25.18197897,34
572,47525,gFe84siO,Kreszentia,265,04NOV74:16:25:24,w,No,Yes,credit card,246.9782641,40
573,55815,y1z7Sd0F,Josephine,266,26JUL84:16:25:24,w,No,Yes,credit card,277.75910028,30
574,50494,6RKmTzjy,Christina,267,25FEB82:16:25:24,w,No,No,cash,247.11862821,32
575,89337,geHmvFIs,Georg,757,12SEP88:16:25:24,m,No,No,cash,384.73810286,26
576,28187,ITG46Krv,Alois,758,13FEB93:16:25:24,m,No,No,credit card,273.98836731,21
577,46367,jNO6ylgr,Cäcilia,268,22JUL56:16:25:24,w,No,Yes,cash,349.71755867,58
578,50409,rRigKXZl,Cäcilia,269,25JUL49:16:25:24,w,No,Yes,credit card,362.44348178,65
579,44191,83d7eRMo,Josephine,270,19MAY62:16:25:24,w,No,Yes,cash,323.81051312,52
580,35597,z3POfQ5L,Hubert,759,11SEP89:16:25:24,m,No,No,credit card,314.49372372,25
581,45272,2rBtu6uh,Martin,760,30MAR54:16:25:24,m,No,No,credit card,368.84841667,60
582,60164,8LWL2ga0,Georg,761,28MAR79:16:25:24,m,No,No,credit card,164.43652055,35
583,64198,Xvhgq6In,Kaspar,762,14JUN59:16:25:24,m,No,No,credit card,195.6731682,55
584,40446,WMQcB9Hn,Anna,271,01AUG58:16:25:24,w,No,Yes,cash,285.89378594,56
585,60089,c1jjHk7X,Adalbert,763,01AUG73:16:25:24,m,No,No,cash,244.87973788,41
586,77274,8VREZhhZ,Benno,764,03SEP70:16:25:24,m,No,Yes,cash,318.27624143,44
587,49592,XmHhZdhj,Hubert,765,05APR23:16:25:24,m,No,Yes,credit card,215.57792284,91
588,36272,r37KPWWf,Georgine,272,05AUG73:16:25:24,w,No,No,cash,465.86039573,41
589,30636,FeFTZoBg,Sebastian,766,06APR63:16:25:24,m,No,No,cash,216.29296822,51
590,58790,cblOSGwv,Ottilie,273,07JUL67:16:25:24,w,No,Yes,credit card,392.66246531,47
591,92029,0dFBEzCp,Katharina,274,10MAR38:16:25:24,w,No,Yes,cash,220.17402014,76
592,39394,F2MYhfRt,Hannes,767,13FEB60:16:25:24,m,No,Yes,cash,230.90647263,54
593,45729,ccVSKQn6,Sabine,275,27SEP96:16:25:24,w,No,No,credit card,254.67378004,18
594,60783,GcdANJZ9,Brigitte,276,22MAR93:16:25:24,w,No,Yes,cheque,126.72892741,21
595,90336,nq4LkgfH,Babette,277,08JAN96:16:25:24,w,No,No,credit card,426.67339635,18
596,64400,DTabIQ8M,Kreszentia,278,09SEP93:16:25:24,w,No,No,credit card,112.34329834,21
597,51655,G1c0kZqQ,Reinhard,768,14OCT86:16:25:24,m,No,No,cash,520.84143234,28
598,38006,Anakdu8V,Leopold,769,26JUN85:16:25:24,m,No,No,credit card,497.51339362,29
599,68770,x1n8swtd,Kunigunde,279,22JAN70:16:25:24,w,No,Yes,credit card,218.52599548,44
600,19111,Mwnp91Qm,Rupert,770,20FEB93:16:25:24,m,No,No,credit card,618.88025343,21
601,69546,0JbDpFTI,Mathias,771,17AUG81:16:25:24,m,No,Yes,cash,2.5,33
602,48232,a581F8G8,Marlene,280,18APR76:16:25:24,w,No,Yes,cash,160.79072598,38
603,52544,A2KMLVHQ,Alois,772,11AUG95:16:25:24,m,No,Yes,cash,295.75557741,19
604,47553,WPDcMcD3,Klothilde,281,31OCT24:16:25:24,w,No,Yes,credit card,183.53581685,90
605,15024,ofnLhsJr,Christoph,773,02JUN72:16:25:24,m,No,No,credit card,235.42669835,42
606,38543,GL0O9BkK,Bernhard,774,05MAY41:16:25:24,m,No,No,cash,257.29990369,73
607,52846,joCQ5blJ,Hildegard,282,29DEC84:16:25:24,w,No,Yes,cheque,251.2786038,30
608,36093,48ejwW8C,Bernd,775,27NOV67:16:25:24,m,No,No,credit card,596.20507864,47
609,54446,JRUwG50V,Lieselotte,283,16FEB53:16:25:24,w,No,Yes,cash,257.4835666,61
610,53362,l7yL3X2p,Heinrich,776,10AUG93:16:25:24,m,No,No,credit card,643.74532136,21
611,43429,XE5S1xe9,Berthold,777,16APR68:16:25:24,m,No,No,credit card,302.03400048,46
612,42028,uWJsnxrs,Walburga,284,11DEC51:16:25:24,w,Yes,No,credit card,589.01508941,63
613,67218,tzZOdNNz,Bernhard,778,21APR62:16:25:24,m,No,Yes,credit card,321.23908632,52
614,38695,xdjkCxXu,Elisabeth,285,25NOV39:16:25:24,w,No,No,credit card,129.09002627,75
615,54172,M2gebuP9,Rudolf,779,14SEP65:16:25:24,m,Yes,No,credit card,6.5041610888,49
616,45987,8TvDS9GP,Bernhard,780,25JAN86:16:25:24,m,No,No,cash,599.00528079,28
617,33865,Kc361UEC,Caroline,286,05FEB68:16:25:24,w,Yes,No,credit card,264.9576612,46
618,33871,6AMxtCXu,Josephine,287,02FEB82:16:25:24,w,No,Yes,credit card,403.35220863,32
619,35761,DyX2oo6y,Wilhelmine,288,10NOV60:16:25:24,w,No,Yes,cash,246.37741188,54
620,40103,QZNLpGKp,Franz,781,07JAN57:16:25:24,m,No,No,credit card,579.37019867,57
621,44088,YPzB9wep,Stefan,782,17JUL91:16:25:24,m,No,Yes,cash,337.46691707,23
622,67735,Rv3TbHnx,Reinhard,783,04MAR65:16:25:24,m,No,No,credit card,601.47787974,49
623,47988,xSmRRo8l,Manfred,784,01OCT50:16:25:24,m,No,Yes,credit card,485.36379762,64
624,65403,MSwC9s91,Simon,785,01APR24:16:25:24,m,No,Yes,credit card,534.93138842,90
625,48606,VTcgeeFy,Alois,786,20SEP56:16:25:24,m,No,Yes,cheque,383.75423465,58
626,66950,HuETIuK1,Eva,289,10OCT85:16:25:24,w,No,No,credit card,376.78140719,29
627,50461,f8cyH1Sq,Johanna,290,17JUL96:16:25:24,w,No,No,cash,261.83944647,18
628,38314,MFEnh7bK,Wolfram,787,02MAY63:16:25:24,m,No,No,cash,765.465592,51
629,73446,07qYU3UO,Konrad,788,18SEP62:16:25:24,m,No,No,credit card,409.52472317,52
630,40913,crPUYdcS,Cäcilia,291,08MAY39:16:25:24,w,No,Yes,credit card,388.28764945,75
631,80818,mcuzmLS9,Cäcilia,292,13DEC40:16:25:24,w,No,Yes,credit card,172.9481899,74
632,36660,aaW8qFWn,Ferdinand,789,09JUN61:16:25:24,m,No,No,cash,511.64589756,53
633,55935,cF9UWaPC,Maria,293,28DEC61:16:25:24,w,No,Yes,credit card,392.47347356,53
634,77118,aFcQXWKe,Philip(p),790,07FEB95:16:25:24,m,No,No,credit card,806.00233688,19
635,85308,a2GnVaW8,Heinrich,791,28APR59:16:25:24,m,No,Yes,cash,120.56519092,55
636,29697,5KujlJwH,Christian,792,13SEP87:16:25:24,m,No,No,credit card,2.5,27
637,72128,mS6tIbdQ,Babette,294,22MAY88:16:25:24,w,No,No,cheque,16.858590701,26
638,61892,KJ6hj6sI,Peter,793,27FEB72:16:25:24,m,No,No,credit card,638.28485031,42
639,28282,ocLvIKIN,Sabine,295,23NOV35:16:25:24,w,Yes,No,cash,86.132481889,79
640,43368,CSOce7KM,Georg,794,16JUL79:16:25:24,m,No,No,credit card,694.29327567,35
641,40580,pIITnvn2,Veronika,296,07JUL94:16:25:24,w,No,Yes,credit card,259.27223433,20
642,42846,9ClyAwcK,Barbara,297,03JUN86:16:25:24,w,No,Yes,cash,435.37066646,28
643,35669,p7iVK0st,Joseph,795,30MAY32:16:25:24,m,No,No,credit card,2.5,82
644,43143,ZG4oIMce,Anna,298,22AUG81:16:25:24,w,No,Yes,cheque,304.1894679,33
645,54630,fMiscyUn,Adolf,796,23NOV43:16:25:24,m,No,No,cash,230.41450213,71
646,34991,KhYWNyXV,Josephine,299,05SEP90:16:25:24,w,No,Yes,credit card,88.971722173,24
647,66583,5KX1YG47,Genoveva,300,20OCT96:16:25:24,w,No,No,credit card,410.89340817,18
648,49110,1nPzxvzv,Michael,797,11SEP94:16:25:24,m,No,No,cash,1079.0338409,20
649,53027,dbni56Jc,Magdalena,301,12SEP71:16:25:24,w,No,Yes,credit card,475.98045305,43
650,49973,SswVQQan,Antonia,302,23JAN87:16:25:24,w,No,No,credit card,366.85847851,27
651,50791,8PXbWrBz,Annemarie,303,04DEC56:16:25:24,w,No,Yes,credit card,391.19285573,58
652,99575,I7QHVREl,Kaspar,798,08APR56:16:25:24,m,No,No,credit card,704.41509522,58
653,62370,qEgENbk8,Dionysius,799,13APR46:16:25:24,m,No,No,cash,470.2370287,68
654,36906,EBYhau19,Marlene,304,25APR50:16:25:24,w,No,Yes,cheque,367.63110222,64
655,17193,H57aDBgM,Agnes,305,10AUG73:16:25:24,w,No,Yes,credit card,305.81711474,41
656,59105,luG6I4xE,Ferdinand,800,07JAN93:16:25:24,m,No,No,cash,131.26067931,21
657,27739,GRGGenRP,Bernadette,306,21SEP55:16:25:24,w,No,Yes,credit card,101.11591095,59
658,38030,1lq6CER9,Alfred,801,11FEB91:16:25:24,m,No,No,cash,512.75390289,23
659,33937,cD0f3l1e,Alexander,802,27MAR38:16:25:24,m,No,Yes,credit card,490.90784153,76
660,21273,gYZr4Ubb,Caroline,307,04APR41:16:25:24,w,No,No,cash,588.30872521,73
661,65779,ZWllOgnR,Genoveva,308,14MAY73:16:25:24,w,No,Yes,cash,261.83784425,41
662,33334,vyLYrSRA,Reinhard,803,09APR80:16:25:24,m,No,No,credit card,982.10219714,34
663,36325,ac0GDNIY,Ignaz,804,20JUN59:16:25:24,m,No,No,credit card,503.28238251,55
664,49967,nebDykfo,Franziska,309,07MAR97:16:25:24,w,No,No,credit card,232.57427193,17
665,34635,7GDdhe6R,Christian,805,21OCT62:16:25:24,m,Yes,No,cash,70.555746749,52
666,33149,7po3yYKG,Eva,310,10OCT65:16:25:24,w,No,No,credit card,538.5847651,49
667,78662,ciyztJx7,Konrad,806,24NOV70:16:25:24,m,No,No,credit card,486.41494032,44
668,58968,TswO1yYT,Edmund,807,30OCT77:16:25:24,m,Yes,No,credit card,489.096395,37
669,69095,ZZ7rw34u,Annemarie,311,26DEC91:16:25:24,w,No,No,credit card,265.06291896,23
670,10807,3WW2RIh0,Quirin,808,28AUG51:16:25:24,m,No,Yes,credit card,400.16709361,63
671,48179,VBdUMH6m,Siegfried,809,03AUG70:16:25:24,m,No,No,credit card,1016.249631,44
672,41039,I6qhUCCn,Bettina,312,26MAY71:16:25:24,w,No,No,credit card,37.675730161,43
673,46123,jM5B2Oy6,Georg,810,16AUG91:16:25:24,m,No,No,cash,495.63286892,23
674,50442,GfCBBftm,Silvester,811,05JUN49:16:25:24,m,No,Yes,credit card,488.0523327,65
675,40841,rRigKXZl,Vitus,812,17APR79:16:25:24,m,No,No,cheque,611.04714539,35
676,37897,hWwmr5HF,Sieglinde,313,23DEC71:16:25:24,w,No,Yes,credit card,321.8137844,43
677,48497,210LCbHt,Kunigunde,314,02DEC94:16:25:24,w,No,Yes,cash,319.00115681,20
678,69730,sS2vCT52,Valentin,813,26MAR78:16:25:24,m,No,No,credit card,727.74732945,36
679,29475,fQVWJq3J,August,814,28MAY74:16:25:24,m,No,No,credit card,169.52661647,40
680,67645,irm9nykP,Wolfgang,815,23SEP30:16:25:24,m,No,Yes,credit card,371.36496386,84
681,30163,ofLXWIrf,Georgine,315,06OCT85:16:25:24,w,No,No,credit card,58.859663704,29
682,44961,DccmZtIo,Blasius,816,10OCT45:16:25:24,m,Yes,No,cash,2.5,69
683,44647,t70fywzH,Ignaz,817,08MAR66:16:25:24,m,No,Yes,credit card,439.40016767,48
684,82609,pCUO5AGa,Josephine,316,26DEC53:16:25:24,w,No,Yes,credit card,157.86634249,61
685,1,Zqrmm6Jw,Korbinian,818,11MAR38:16:25:24,m,No,Yes,credit card,481.82243512,76
686,55044,HjX4YiFL,Elisabeth,317,04DEC63:16:25:24,w,Yes,No,cheque,160.67550208,51
687,61102,xE1iyLHy,Edeltraud,318,08JUL92:16:25:24,w,No,No,credit card,373.18906557,22
688,86102,99G9OUES,Notburga,319,14APR67:16:25:24,w,No,No,credit card,75.769935935,47
689,49061,xj6Zgj6j,Rosmarie,320,19FEB79:16:25:24,w,No,No,credit card,252.2988946,35
690,40411,JtQrYJwi,Franz,819,05OCT86:16:25:24,m,No,No,cheque,163.413965,28
691,58408,EslM5G94,Ignaz,820,17FEB75:16:25:24,m,No,No,credit card,517.16468913,39
692,53729,z2Rmelov,Anton,821,05FEB53:16:25:24,m,No,Yes,credit card,2.5,61
693,33908,RWRfvJjq,Marlene,321,02OCT93:16:25:24,w,No,No,credit card,437.58377077,21
694,66781,kYI12cAZ,Annemarie,322,27SEP91:16:25:24,w,No,No,credit card,333.83508081,23
695,89052,bbY8Fobr,Edeltraud,323,26MAY60:16:25:24,w,Yes,No,credit card,298.71075664,54
696,42188,vXlDIOis,Engelbert,822,06FEB94:16:25:24,m,No,No,cash,316.7842169,20
697,42900,yqcZ35WH,Joachim,823,21APR79:16:25:24,m,No,No,credit card,425.99098454,35
698,50234,v68rHD96,Blasius,824,08NOV61:16:25:24,m,No,Yes,credit card,326.0398361,53
699,67018,4w0WWg2R,Stefan,825,13AUG77:16:25:24,m,No,No,credit card,157.54313925,37
700,27575,UFFbeEhx,Waltraud,324,13FEB62:16:25:24,w,No,Yes,credit card,240.53691306,52
701,51401,n6jgalc6,Bartholomäus,826,20DEC85:16:25:24,m,No,No,credit card,842.05464406,29
702,26401,XLvx37Vw,Remigius,827,26JUL73:16:25:24,m,Yes,No,credit card,178.85108314,41
703,49118,sVoaunIJ,Berthold,828,29JUN81:16:25:24,m,No,Yes,credit card,565.20761506,33
704,50694,kauPYUXF,Brigitte,325,26SEP95:16:25:24,w,No,No,credit card,218.55352017,19
705,65104,MjSWItFY,Johanna,326,23FEB92:16:25:24,w,No,Yes,cheque,399.04583971,22
706,39544,iHZMq1Dw,Vitus,829,02JUL32:16:25:24,m,No,No,credit card,2.5,82
707,36898,jKJHI0CQ,Gertraud,327,28JUL61:16:25:24,w,No,Yes,cash,292.84290578,53
708,52874,6FH0rCkG,Maria,328,17APR37:16:25:24,w,No,Yes,credit card,404.16799954,77
709,51970,OHIF3ecs,Georg,830,20DEC70:16:25:24,m,No,Yes,credit card,83.449826925,44
710,64819,cIvQkgwM,Edmund,831,26SEP90:16:25:24,m,No,No,credit card,737.5940808,24
711,63650,g5E0bl15,Christian,832,19MAY79:16:25:24,m,No,No,credit card,1051.1909444,35
712,42954,dXngQAKL,Elisabeth,329,24MAR76:16:25:24,w,No,No,credit card,74.297023891,38
713,32199,SswVQQan,Sieglinde,330,28OCT80:16:25:24,w,Yes,No,credit card,2.5,34
714,63542,1rZ9h8m4,Simon,833,23FEB66:16:25:24,m,No,Yes,cash,348.27928903,48
715,77703,QEWjfNrr,Bernd,834,26AUG72:16:25:24,m,Yes,No,cash,576.34388716,42
716,79357,vlxRfaAW,Karl,835,14AUG35:16:25:24,m,No,Yes,credit card,294.74441522,79
717,46667,FPZMcUao,Victoria,331,05FEB63:16:25:24,w,No,No,credit card,413.42494913,51
718,46028,QC0PxkTj,Eduard,836,20SEP71:16:25:24,m,No,No,credit card,242.68381939,43
719,30342,k724vTmh,Eduard,837,12JAN42:16:25:24,m,Yes,No,cash,496.84335513,72
720,57700,5oVbIxrx,Sabine,332,30JUN93:16:25:24,w,No,No,cash,165.34093983,21
721,64284,Ok4kXMgV,Sebastian,838,31JUL44:16:25:24,m,No,Yes,cash,2.5,70
722,34370,mER1zSfB,Matthäus,839,25FEB77:16:25:24,m,No,Yes,cash,179.77327035,37
723,52589,LhERqe5J,Stefanie,333,03FEB69:16:25:24,w,No,Yes,credit card,275.26896197,45
724,33541,0D0bfb8u,Irmgard,334,06OCT36:16:25:24,w,Yes,No,credit card,46.374006268,78
725,57524,0jaf6gIe,Leopold,840,20APR34:16:25:24,m,No,No,credit card,648.16687706,80
726,40655,uCiES69C,August,841,10JUN57:16:25:24,m,No,No,credit card,542.44532619,57
727,84612,4n3ks5VY,Matthias,842,24AUG69:16:25:24,m,No,No,credit card,202.07070787,45
728,27870,dFKJcT7m,Berthold,843,12MAR84:16:25:24,m,No,No,cash,555.51492981,30
729,60075,lJC8cDTW,Maximiliane,335,02FEB64:16:25:24,w,No,No,cash,149.91773409,50
730,53043,PtELzyxg,Ferdinand,844,22APR56:16:25:24,m,No,Yes,cash,432.19415368,58
731,37886,LXKILJTG,Dominik,845,10JUN71:16:25:24,m,No,Yes,credit card,346.79108282,43
732,87301,Yl0ue0eM,Sophia,336,07FEB50:16:25:24,w,No,Yes,cash,181.89221879,64
733,49269,dtH1ihHJ,Susanne,337,26AUG63:16:25:24,w,No,Yes,cash,390.43341347,51
734,38072,CUvQEq7g,Vinzenz,846,01AUG85:16:25:24,m,No,No,cash,148.11469378,29
735,65029,t4NN8r4z,Christoph,847,11APR63:16:25:24,m,Yes,No,cash,213.3440677,51
736,43119,b9Dn6Xb4,Bettina,338,05APR73:16:25:24,w,No,Yes,credit card,63.12885178,41
737,53130,ZZ7rw34u,Hannelore,339,12AUG49:16:25:24,w,No,Yes,credit card,169.48068049,65
738,61905,MC2LD1Ms,Anastasia,340,18JUL32:16:25:24,w,No,Yes,credit card,282.70998413,82
739,53376,dtH1ihHJ,Rosemarie,341,04JUL65:16:25:24,w,No,Yes,cash,278.45940851,49
740,64542,fOuMHIH0,Vitus,848,10MAR30:16:25:24,m,No,No,credit card,235.23444017,84
741,34249,YliWRuTy,Peter,849,21AUG84:16:25:24,m,No,No,credit card,285.48885147,30
742,11286,TjL385ah,Adolf,850,07MAY87:16:25:24,m,No,No,cash,397.7807199,27
743,76021,1L33JVVK,Maximiliane,342,05MAR72:16:25:24,w,Yes,No,credit card,392.82380573,42
744,33216,kqenXy0G,Magdalena,343,28NOV73:16:25:24,w,No,Yes,credit card,172.36864207,41
745,63945,JZWWtfKn,Korbinian,851,14OCT34:16:25:24,m,No,No,credit card,503.29913113,80
746,62107,RDqQR6Xo,Karl,852,16APR43:16:25:24,m,No,Yes,credit card,418.95341102,71
747,83142,fIIM6VM5,Bernd,853,19DEC62:16:25:24,m,No,Yes,cheque,660.24732446,52
748,41329,uBiX2XWM,Sophia,344,07DEC89:16:25:24,w,Yes,No,cheque,348.54342425,25
749,43452,9OAhFH6n,Cäcilia,345,30JAN97:16:25:24,w,No,No,credit card,592.75883183,17
750,64133,QBldBkBq,Wolfgang,854,17JAN97:16:25:24,m,No,No,credit card,45.687401418,17
751,49927,oXY8wGdL,Berthold,855,31MAR96:16:25:24,m,No,No,credit card,251.69136217,18
752,32767,62jGqDaT,Ludwig,856,13SEP68:16:25:24,m,No,No,credit card,309.64792238,46
753,56563,AbTaRbkz,Korbinian,857,04FEB63:16:25:24,m,No,Yes,cash,282.91506034,51
754,32837,WRQSfr85,Leopold,858,21SEP96:16:25:24,m,No,No,credit card,207.97742339,18
755,91027,jtT33Ykn,Eva,346,30MAY39:16:25:24,w,No,Yes,credit card,212.78637898,75
756,33983,dYQHApCw,Cäcilie,347,15DEC78:16:25:24,w,No,Yes,credit card,308.41745646,36
757,60732,bjRZxSES,Leonhard,859,12NOV94:16:25:24,m,No,No,cash,642.04098466,20
758,65557,8QI6TD3s,Ludwig,860,23FEB90:16:25:24,m,No,No,credit card,157.73410742,24
759,28595,yk7RmqC3,Benno,861,28OCT55:16:25:24,m,No,No,credit card,405.14290146,59
760,72772,mKaYvZby,Maximiliane,348,22AUG68:16:25:24,w,Yes,No,credit card,139.25183088,46
761,28553,mgyVZXbh,Veronika,349,03MAR71:16:25:24,w,No,Yes,credit card,205.61944308,43
762,80391,RziSbNhF,Walburga,350,08MAY37:16:25:24,w,No,Yes,cash,443.35530765,77
763,36933,NAdFk1Tr,Klothilde,351,09JAN56:16:25:24,w,No,No,cash,482.81215646,58
764,39032,nOqAPzqj,Anton,862,12JUL80:16:25:24,m,No,No,cheque,30.261161476,34
765,62427,tpxwJRrU,Friedrich,863,03DEC32:16:25:24,m,Yes,No,cash,290.2323465,82
766,49337,b8SO66Si,Sieglinde,352,07DEC93:16:25:24,w,No,No,credit card,395.49134079,21
767,77479,sRQ1SlHw,Mathias,864,11OCT61:16:25:24,m,No,Yes,cash,428.52134489,53
768,26537,I1loIbea,Balthasar,865,01FEB92:16:25:24,m,No,No,cash,620.38043804,22
769,30900,QW3zS8Uk,Cäcilia,353,08JUN95:16:25:24,w,No,No,credit card,379.28549583,19
770,69102,w5494UNZ,Florian,866,11FEB49:16:25:24,m,No,Yes,cash,267.13863633,65
771,52589,O9eRgULL,Waltraud,354,10MAR97:16:25:24,w,No,No,credit card,260.95627258,17
772,38976,ghQ7LDsC,Victoria,355,08MAY84:16:25:24,w,No,No,credit card,143.05041664,30
773,43258,joEpLf0I,Walburga,356,05JUN41:16:25:24,w,No,Yes,credit card,323.4410717,73
774,46951,fya0KpSq,Joseph,867,04DEC74:16:25:24,m,Yes,No,cash,172.15962706,40
775,48264,ewFKv4hj,Hartmut,868,02AUG80:16:25:24,m,No,Yes,cheque,87.830403277,34
776,63369,90b2hpAW,Leopold,869,01NOV61:16:25:24,m,No,No,credit card,680.91215874,53
777,49306,VfhBsG5n,Albert,870,06SEP51:16:25:24,m,No,No,credit card,913.5652837,63
778,62064,XE5S1xe9,Bartholomäus,871,26AUG96:16:25:24,m,No,No,credit card,619.05838549,18
779,30018,aBtmalCM,Sabine,357,07FEB84:16:25:24,w,No,No,credit card,273.1320832,30
780,43859,wRix0FdL,Anna,358,26AUG83:16:25:24,w,No,No,credit card,10.189996507,31
781,62682,sUcNBw7u,Antonia,359,21FEB55:16:25:24,w,Yes,No,cash,338.39259184,59
782,54206,J3TZwtTB,Bernadette,360,18OCT73:16:25:24,w,No,Yes,cash,307.36367451,41
783,38655,dKjQRsZi,Simon,872,24SEP87:16:25:24,m,No,No,credit card,456.48050803,27
784,48891,HffKh3gn,Anna,361,30AUG62:16:25:24,w,Yes,No,credit card,322.74715042,52
785,58251,R2bV1P8j,Mathias,873,21MAY54:16:25:24,m,No,No,credit card,2.5,60
786,78942,gG2mF06W,Rupert,874,24SEP83:16:25:24,m,No,No,credit card,361.18395592,31
787,43132,pPtaNhzB,Benno,875,25SEP59:16:25:24,m,Yes,No,cash,36.237139997,55
788,52829,VUm2JBxY,Stefan,876,24FEB75:16:25:24,m,No,No,credit card,44.36245754,39
789,70737,XMDsRKKc,Remigius,877,17MAR77:16:25:24,m,No,No,credit card,450.358659,37
790,49215,qgfMTEmo,Apollonia,362,13MAY76:16:25:24,w,No,Yes,cheque,406.43353959,38
791,54257,Q8sH3k5x,Barbara,363,25AUG70:16:25:24,w,No,No,cash,398.76701699,44
792,78568,BYv0hFhr,Manfred,878,14OCT71:16:25:24,m,Yes,No,cash,456.94825108,43
793,54019,zPlL3DcR,Georg,879,21MAY77:16:25:24,m,No,No,credit card,869.77655693,37
794,32241,Z3hU8hN5,Matthias,880,04FEB71:16:25:24,m,Yes,No,cash,395.04617561,43
795,47569,iDJc56xm,Apollonia,364,07APR84:16:25:24,w,No,No,credit card,263.81544757,30
796,39697,Ax20kLFg,Kreszentia,365,18AUG75:16:25:24,w,No,Yes,credit card,212.91428362,39
797,86731,84hLtkHj,Elisabeth,366,28MAR47:16:25:24,w,No,Yes,credit card,549.07031289,67
798,62937,JtQrYJwi,Lukas,881,10AUG95:16:25:24,m,No,No,credit card,328.24983135,19
799,47804,IMysMbpl,Andreas,882,09APR42:16:25:24,m,No,Yes,cash,495.52997196,72
800,23746,cujNb6GQ,Anton,883,13JUN68:16:25:24,m,No,Yes,cheque,447.32834472,46
801,73437,ui2eoGFc,Margarete,367,15FEB55:16:25:24,w,No,Yes,credit card,253.37688056,59
802,61534,HdccLHtu,Ottilie,368,30JUL74:16:25:24,w,Yes,No,credit card,281.83886586,40
803,60310,0gRpzmdn,Vinzenz,884,30JUN72:16:25:24,m,No,No,credit card,600.53658305,42
804,65092,FtGlaAO8,Ludwig,885,20DEC43:16:25:24,m,No,Yes,cash,220.91112946,71
805,24626,LysE8Bjg,Martin,886,19JUN82:16:25:24,m,No,Yes,cash,306.48527043,32
806,51913,BOl2gvcX,Herbert,887,17SEP22:16:25:24,m,No,Yes,credit card,147.07583811,92
807,24389,3dMh98zG,(Franz)Xaver,888,15DEC54:16:25:24,m,No,No,credit card,145.07838198,60
808,59259,cQxVAmeI,Melchior,889,11AUG66:16:25:24,m,No,No,credit card,273.31986728,48
809,44254,foJr9t5u,Magdalena,369,07DEC57:16:25:24,w,No,Yes,credit card,210.50662568,57
810,30851,betRn5YN,Remigius,890,29SEP69:16:25:24,m,No,No,cash,590.57227425,45
811,51526,AHHxc9kM,Georg,891,09FEB36:16:25:24,m,No,Yes,credit card,549.2508416,78
812,33921,rxi2psQB,Katharina,370,21FEB79:16:25:24,w,No,Yes,credit card,360.45173504,35
813,53939,bItyHa6q,Joachim,892,29OCT86:16:25:24,m,No,Yes,credit card,4.6073340672,28
814,52925,qERLGCdj,Maximilian,893,03JUL56:16:25:24,m,No,Yes,cash,383.0226017,58
815,61009,zhkSv1Ke,Friedrich,894,23JUL92:16:25:24,m,No,No,credit card,628.02000053,22
816,62584,UzKcxBaP,Jakob,895,10JAN61:16:25:24,m,No,No,credit card,771.08340433,53
817,60803,9FL9XdqV,Burgunde,371,12NOV23:16:25:24,w,No,No,credit card,281.8384154,91
818,26753,iXGT9vAo,Karl,896,24JAN82:16:25:24,m,No,Yes,credit card,229.92064902,32
819,60180,3bgeC6rr,Georgine,372,26JUL72:16:25:24,w,No,Yes,cash,297.79479226,42
820,55954,2d934Bu7,Hannelore,373,19OCT66:16:25:24,w,Yes,No,credit card,470.62435541,48
821,27168,BtCY2Neh,Anton,897,08JUN23:16:25:24,m,No,Yes,credit card,427.59547463,91
822,43205,z0VM3gps,Ludwig,898,16APR41:16:25:24,m,No,Yes,cash,290.12717039,73
823,41534,9SmKpcM1,Valentin,899,18JUL71:16:25:24,m,No,No,cash,376.63856776,43
824,64283,atMTm4DU,Konrad,900,12OCT54:16:25:24,m,No,Yes,cheque,2.5,60
825,58383,v0VSwLW8,Anna,374,08DEC84:16:25:24,w,No,No,cash,22.423904465,30
826,66555,U87clKzw,Melchior,901,20APR74:16:25:24,m,No,No,credit card,104.93447835,40
827,69803,t6LssDc4,Annemarie,375,05JUL72:16:25:24,w,No,No,cheque,22.698772012,42
828,58653,efYQpP8S,Anastasia,376,06MAR86:16:25:24,w,No,Yes,cash,122.67042916,28
829,41811,6hJExwDv,Apollonia,377,01MAR42:16:25:24,w,Yes,No,credit card,305.75091833,72
830,47473,VVYiedd1,Margaret,378,01APR69:16:25:24,w,No,No,cheque,425.51565139,45
831,34700,LjEwgghy,Verena,379,11APR87:16:25:24,w,No,No,credit card,679.52448672,27
832,30742,sBQiXOZp,Kreszentia,380,17JUL84:16:25:24,w,No,No,credit card,163.23151698,30
833,66489,PxF8RGF9,Margaret,381,27FEB86:16:25:24,w,No,No,credit card,361.84537809,28
834,61250,Lp7fHHX7,Alfons,902,18OCT92:16:25:24,m,No,Yes,credit card,237.20968025,22
835,49624,G35yodto,Leonhard,903,28DEC73:16:25:24,m,No,No,credit card,102.36112143,41
836,58513,FGIAqKvd,Adalbert,904,27DEC28:16:25:24,m,No,No,credit card,724.94758345,86
837,48561,R9WZiAue,Rosemarie,382,16JUN63:16:25:24,w,No,No,credit card,565.14166692,51
838,66510,qdshQwdW,Bernd,905,20JUL92:16:25:24,m,No,No,credit card,379.64672636,22
839,37971,GgEMzGeT,Maximiliane,383,26JUN53:16:25:24,w,No,Yes,credit card,335.97415325,61
840,27734,gLLx35l1,Bernadette,384,08DEC37:16:25:24,w,No,No,cash,353.2886275,77
841,49560,oTZDktHt,Katharina,385,02APR30:16:25:24,w,No,Yes,credit card,271.26368182,84
842,42646,vaBGs2wG,Burgunde,386,06APR65:16:25:24,w,No,Yes,credit card,173.58659233,49
843,64855,pXvDL0bK,Wilhelmine,387,26APR74:16:25:24,w,No,Yes,cash,127.83593719,40
844,70783,UAIsrQB1,Eduard,906,12AUG96:16:25:24,m,No,No,credit card,264.37587635,18
845,23851,UtVqhmSO,Rosina,388,29AUG59:16:25:24,w,No,Yes,credit card,285.10122898,55
846,48600,kXtbwzs3,Joseph,907,19OCT49:16:25:24,m,No,No,cash,226.02819401,65
847,66295,kauPYUXF,Berthold,908,12OCT81:16:25:24,m,No,No,cash,86.727930743,33
848,63033,VUQa3oh2,Valentin,909,20SEP78:16:25:24,m,No,No,cash,2.5,36
849,28003,wYWMkBR1,Bernd,910,04NOV79:16:25:24,m,No,No,cash,535.54635174,35
850,99999,kFRWAgVk,Irmgard,389,05DEC80:16:25:24,w,No,Yes,credit card,316.01939315,34
851,50974,XWHLfcAs,Valentin,911,18JAN92:16:25:24,m,No,No,credit card,206.23627149,22
852,43939,VsbDHkXI,Birgit,390,19SEP40:16:25:24,w,No,Yes,cheque,165.84876147,74
853,76903,oHbgmBfM,Fridolin,912,14FEB75:16:25:24,m,No,No,credit card,211.28608417,39
854,44793,G1c0kZqQ,Agnes,391,24MAY66:16:25:24,w,No,Yes,cash,139.49589555,48
855,53954,Kk9r7cFY,Dorothea,392,13JUN87:16:25:24,w,No,No,credit card,242.71701896,27
856,42615,C6ydBL3k,Ludwig,913,09MAY46:16:25:24,m,No,Yes,cash,300.63854569,68
857,46698,Xl4Rzb3l,Georg,914,28MAY61:16:25:24,m,No,No,credit card,221.37721752,53
858,54270,vtqPRomS,Stefanie,393,23DEC90:16:25:24,w,No,No,credit card,282.39325814,24
859,66121,0JhOQ8Qd,Marlene,394,21OCT52:16:25:24,w,No,Yes,cash,144.55292843,62
860,51185,zD2BIz5J,Burgunde,395,13FEB59:16:25:24,w,No,No,credit card,183.31425216,55
861,59439,cujNb6GQ,Bartholomäus,915,22AUG42:16:25:24,m,No,Yes,cheque,441.99445637,72
862,56726,M7k3Q56M,Hildegard,396,21OCT71:16:25:24,w,No,No,credit card,161.24999843,43
863,63864,PtELzyxg,Engelbert,916,26AUG71:16:25:24,m,No,No,credit card,787.82401253,43
864,40400,ORbs0Lvf,Cäcilie,397,17JUL44:16:25:24,w,No,Yes,cash,337.2496399,70
865,59787,CG3hseQg,Herbert,917,07JUL79:16:25:24,m,No,No,cash,268.74141353,35
866,23320,hrYVKtik,Burgunde,398,07OCT93:16:25:24,w,No,No,credit card,210.79437617,21
867,49695,8TyhrvGv,Leonhard,918,30OCT27:16:25:24,m,No,Yes,credit card,437.29614997,87
868,24888,40xiWgv9,Bernhard,919,11JUL69:16:25:24,m,Yes,No,cheque,65.191070068,45
869,50237,iD6rf8X0,Katrin,399,08JUL30:16:25:24,w,No,Yes,cash,358.13737526,84
870,70795,K2SwvDUq,Albert,920,09APR88:16:25:24,m,No,No,credit card,341.16043864,26
871,39874,4SM4YBZJ,Leopold,921,01APR69:16:25:24,m,No,Yes,cash,222.44991632,45
872,50286,KHQtO7w3,Bernhard,922,06OCT94:16:25:24,m,No,No,credit card,437.6595184,20
873,53800,irdKbEjp,Reinhold,923,12AUG68:16:25:24,m,Yes,No,credit card,616.5280496,46
874,16287,ZWllOgnR,Rosmarie,400,10JUL70:16:25:24,w,No,Yes,credit card,277.35994685,44
875,36385,b6OHSgJp,Wolfgang,924,26DEC82:16:25:24,m,No,No,credit card,567.53602844,32
876,43806,YliWRuTy,Wolfgang,925,07MAY23:16:25:24,m,No,Yes,cash,458.89805444,91
877,52813,vlxRfaAW,Dionysius,926,02JUN93:16:25:24,m,No,No,credit card,590.44729791,21
878,47047,a2PoJ8ki,Alfred,927,21SEP57:16:25:24,m,No,No,credit card,147.28799486,57
879,39874,xO44WLs3,Ottilie,401,19APR52:16:25:24,w,No,Yes,credit card,386.29146682,62
880,64312,K6kMxuJP,Korbinian,928,01MAR94:16:25:24,m,No,No,credit card,120.41200852,20
881,39757,hf5hPzp3,Apollonia,402,12DEC88:16:25:24,w,No,No,credit card,210.88743377,26
882,51205,fwjpXA4a,Quirin,929,08SEP68:16:25:24,m,No,Yes,cash,248.47272305,46
883,54545,Rv3TbHnx,Gertrud,403,06JUN75:16:25:24,w,No,Yes,credit card,440.73869128,39
884,60887,0JhOQ8Qd,Benno,930,19JUL76:16:25:24,m,No,Yes,cheque,953.05505641,38
885,46154,0umdDpXY,Philip(p),931,12NOV69:16:25:24,m,No,No,credit card,284.16875419,45
886,50300,9g6VmGea,Johannes,932,14AUG62:16:25:24,m,No,No,credit card,121.34357729,52
887,52384,QEKAlp1B,Hubert,933,20JUL86:16:25:24,m,No,No,credit card,97.64507152,28
888,77948,GVyk9T3k,Maria,404,20DEC71:16:25:24,w,Yes,No,cash,209.42723414,43
889,60214,kPllLZRN,Nikolaus,934,21JAN77:16:25:24,m,No,No,credit card,18.098478125,37
890,62265,iQ7emDBS,Laurentius,935,04DEC93:16:25:24,m,No,No,cash,61.955524834,21
891,36295,Hps22IPl,Cäcilia,405,05FEB59:16:25:24,w,No,No,credit card,432.76698693,55
892,45682,goLdUeh8,Georg,936,29JAN50:16:25:24,m,No,No,credit card,887.55540532,64
893,35853,hydgaqUB,Leonhard,937,22JAN58:16:25:24,m,No,No,credit card,2.5,56
894,56713,QEWjfNrr,Rosina,406,13JUN47:16:25:24,w,No,Yes,cash,226.42891749,67
895,78832,QbYO4GWz,Magdalena,407,23SEP44:16:25:24,w,No,Yes,credit card,380.86589146,70
896,48859,luwY0LvJ,Ferdinand,938,28FEB25:16:25:24,m,No,Yes,cash,2.5,89
897,50719,7N8iQldz,Jakob,939,09AUG72:16:25:24,m,No,Yes,credit card,377.1906898,42
898,45436,Xs7QOvjj,Georg,940,15FEB66:16:25:24,m,No,No,credit card,839.57680838,48
899,59830,4pEvG68d,Rupert,941,25NOV75:16:25:24,m,No,No,credit card,296.9389702,39
900,52214,ClU1K8pr,Marinus,942,26NOV75:16:25:24,m,Yes,No,cash,176.37055487,39
901,39913,Xs7QOvjj,Leopold,943,02APR47:16:25:24,m,No,Yes,cash,2.5,67
902,94741,zfK9yoyR,Leopold,944,17JUN26:16:25:24,m,No,Yes,cheque,178.30974951,88
903,65985,vLgIg5Nz,Eustachius,945,14APR84:16:25:24,m,No,No,cash,711.44215482,30
904,34487,BAPZtsPS,Klothilde,408,21DEC62:16:25:24,w,No,Yes,credit card,314.77255087,52
905,71111,y1nBm0uq,Stephan,946,06MAR83:16:25:24,m,No,No,credit card,335.1907028,31
906,62628,Ewp7EdBm,Gertrud,409,29JUL79:16:25:24,w,No,Yes,credit card,223.18779323,35
907,50469,HdsDet1B,Dominik,947,11DEC81:16:25:24,m,No,No,credit card,631.55644853,33
908,62144,w6dAdH77,Lieselotte,410,02DEC87:16:25:24,w,No,No,cheque,400.74413054,27
909,96532,jUNaG3EC,Andreas,948,17MAR49:16:25:24,m,No,No,credit card,297.7838883,65
910,88362,8wYtDBo8,Balthasar,949,22JAN71:16:25:24,m,No,No,credit card,682.00053472,43
911,66250,w6dAdH77,Augusta,411,01MAY68:16:25:24,w,No,Yes,credit card,309.78687499,46
912,43336,BYv0hFhr,Cäcilie,412,12DEC56:16:25:24,w,No,No,cash,142.0132622,58
913,51215,5axdrhwL,Bartholomäus,950,30AUG79:16:25:24,m,No,Yes,credit card,460.14016117,35
914,63802,GRGGenRP,Franziska,413,22FEB96:16:25:24,w,No,Yes,credit card,305.47702903,18
915,49261,GJLsfnUz,Creszenzia,414,28OCT43:16:25:24,w,No,No,cash,522.66809867,71
916,39868,wCMq8WUK,Franziska,415,07MAY38:16:25:24,w,Yes,No,credit card,280.3142657,76
917,53698,bfskXmFM,Augusta,416,19JUL67:16:25:24,w,No,No,credit card,379.14315477,47
918,22184,bfpKdP3O,Christoph,951,01NOV89:16:25:24,m,No,No,credit card,396.18867842,25
919,29665,k9ml4Bd6,(Franz)Xaver,952,13MAR62:16:25:24,m,No,No,credit card,325.05988771,52
920,60633,w6dAdH77,Waltraud,417,29NOV65:16:25:24,w,No,No,cash,451.54626117,49
921,24913,FcPvi0wk,Elisabeth,418,29NOV86:16:25:24,w,No,Yes,cash,171.21597018,28
922,44612,6JVHkI4k,Bartholomäus,953,23JUN13:16:25:24,m,No,Yes,credit card,421.37989057,1
923,70311,oTZDktHt,Andreas,954,15NOV87:16:25:24,m,No,No,credit card,162.15760857,27
924,55530,imiE2Rrp,Kaspar,955,07JUL56:16:25:24,m,No,Yes,cash,27.007483135,58
925,75966,yk7RmqC3,Christina,419,28DEC47:16:25:24,w,No,Yes,credit card,396.38603982,67
926,47306,G66jrlyT,Laurentius,956,24JUN64:16:25:24,m,No,No,credit card,813.346495,50
927,40078,dDRvI9e4,Cäcilia,420,05MAY58:16:25:24,w,No,No,credit card,46.282897306,56
928,44189,7kwn6nI9,Edeltraud,421,10NOV89:16:25:24,w,No,Yes,cash,233.95071495,25
929,42056,PF1a3dGy,Sophie,422,28JAN51:16:25:24,w,No,No,cash,107.35148193,63
930,53755,eratuthF,Anna,423,17MAR62:16:25:24,w,No,Yes,credit card,111.05321577,52
931,53609,xSUlYQCo,Christoph,957,11FEB89:16:25:24,m,No,No,cash,250.12848844,25
932,64043,zD2BIz5J,Ursula,424,02APR84:16:25:24,w,No,No,credit card,353.09849141,30
933,35219,ufHs8J2Z,Rupert,958,04APR51:16:25:24,m,No,Yes,cheque,378.24883007,63
934,40901,nb9g7vXm,Edeltraud,425,11SEP37:16:25:24,w,No,Yes,credit card,196.13420993,77
935,46854,jvjbHoQf,Apollonia,426,07SEP44:16:25:24,w,No,Yes,cheque,243.19986495,70
936,20288,TFZ5Tj3Z,Kreszentia,427,05APR71:16:25:24,w,No,Yes,cash,411.81666995,43
937,58915,8dN88tYa,Reinhard,959,04SEP71:16:25:24,m,No,No,credit card,473.80518803,43
938,13641,nF8oEZ6Z,Ignaz,960,20DEC62:16:25:24,m,No,No,credit card,650.65105078,52
939,45679,Do9rtazl,Adalbert,961,22JAN70:16:25:24,m,No,No,credit card,987.51893732,44
940,62790,cFx3l7xM,Johann,962,20JUN62:16:25:24,m,No,No,credit card,292.55028939,52
941,77176,X3YpANiF,Hubert,963,25JAN84:16:25:24,m,No,No,credit card,527.5750839,30
942,55516,Xp4OigA4,Alexander,964,24NOV65:16:25:24,m,No,Yes,cheque,388.47693031,49
943,30225,1ImpQTzC,Therese,428,26NOV85:16:25:24,w,No,Yes,credit card,126.82188157,29
944,71861,IQhgHVoQ,Ludwig,965,19MAR64:16:25:24,m,No,Yes,credit card,262.74609887,50
945,21183,JQcMK7Kw,Bernhard,966,01FEB89:16:25:24,m,No,No,credit card,582.70378701,25
946,64049,SZS83G1j,Remigius,967,17MAR58:16:25:24,m,No,Yes,cash,88.480977887,56
947,69659,EuWshM0y,Klothilde,429,05AUG96:16:25:24,w,No,Yes,credit card,246.25098576,18
948,24494,vxfY9anz,Ottilie,430,25APR54:16:25:24,w,No,Yes,credit card,427.88439186,60
949,61260,IoAIXYwc,Cäcilia,431,10OCT43:16:25:24,w,No,Yes,cash,151.79918948,71
950,34225,C5g6ifZj,Matthias,968,13OCT68:16:25:24,m,No,Yes,cash,2.5,46
951,41236,9QaadiA2,Michael,969,25MAR71:16:25:24,m,Yes,No,cash,639.55026232,43
952,26307,13CTCydc,Korbinian,970,07OCT63:16:25:24,m,No,No,credit card,415.89686878,51
953,29540,lsbbuWoz,Rudolf,971,15DEC67:16:25:24,m,No,Yes,cash,693.51904133,47
954,42362,6RKmTzjy,Brigitte,432,04DEC88:16:25:24,w,No,No,credit card,173.42352677,26
955,39166,RqyR9Zyv,Alfons,972,21NOV70:16:25:24,m,No,No,credit card,457.10762194,44
956,59975,x4pYHlgV,Florian,973,19APR84:16:25:24,m,No,No,cash,245.33904798,30
957,57187,7WqX2h7Y,Alexander,974,24APR64:16:25:24,m,No,No,credit card,616.29906936,50
958,42348,VPBm67LB,Walburga,433,24DEC70:16:25:24,w,No,Yes,cash,49.934768628,44
959,55922,gcjFUIE5,Vitus,975,25MAY78:16:25:24,m,No,Yes,cash,462.83184124,36
960,45513,dYQHApCw,Matthias,976,16AUG94:16:25:24,m,No,No,credit card,559.25464338,20
961,55069,SmMXIAPJ,Benno,977,19JUL37:16:25:24,m,No,Yes,cash,248.73143365,77
962,40978,jTVJdtrV,Marie,434,20FEB61:16:25:24,w,No,No,credit card,214.99643206,53
963,81386,JMwG9cKx,Anastasia,435,09DEC49:16:25:24,w,No,Yes,credit card,355.41298556,65
964,45116,TR1g94vu,Augusta,436,30DEC71:16:25:24,w,No,Yes,credit card,157.63926649,43
965,68587,hSOkjC0H,Alexander,978,20MAY60:16:25:24,m,No,No,credit card,1098.3351707,54
966,52198,Xh5IQlKq,Waltraud,437,06APR48:16:25:24,w,No,Yes,credit card,169.45714453,66
967,60668,R9WZiAue,Apollonia,438,09JUL40:16:25:24,w,Yes,No,cash,181.73647204,74
968,40708,vsGwxJrF,Florian,979,26MAR83:16:25:24,m,No,No,credit card,405.9012333,31
969,47205,dkjkbYcr,Eduard,980,13DEC45:16:25:24,m,No,Yes,credit card,133.28166586,69
970,81673,vcYfSvYu,Hildegard,439,14NOV75:16:25:24,w,No,Yes,credit card,56.770147084,39
971,66365,JZsgRRkb,Birgit,440,13SEP74:16:25:24,w,No,Yes,credit card,93.45339245,40
972,63964,pXvDL0bK,Dominik,981,15JUN90:16:25:24,m,No,No,cash,2.5,24
973,53426,hJV6pIKL,Kunigunde,441,19APR61:16:25:24,w,No,Yes,cash,279.43810751,53
974,42139,oqVT8eJL,Ferdinand,982,20MAY75:16:25:24,m,No,No,credit card,392.84344758,39
975,55845,TFX0Nynn,Reinhold,983,07DEC32:16:25:24,m,No,Yes,cash,2.5,82
976,68452,OxxWp3VR,Hartmut,984,23NOV93:16:25:24,m,Yes,No,cash,2.5,21
977,59888,caVDslL0,Ursula,442,15FEB94:16:25:24,w,No,Yes,credit card,166.60800132,20
978,29641,Y4xjEVYs,Jakob,985,06MAR74:16:25:24,m,No,No,credit card,951.83085729,40
979,60877,sUcNBw7u,Adalbert,986,28OCT84:16:25:24,m,No,Yes,cash,31.563608539,30
980,47016,D0x9RSKN,Manfred,987,09OCT23:16:25:24,m,No,No,cash,733.37139851,91
981,39315,X6iyFUAB,Stefanie,443,20JAN72:16:25:24,w,No,Yes,credit card,2.5,42
982,52951,qEgENbk8,Albert,988,02APR34:16:25:24,m,No,Yes,cheque,140.47495546,80
983,56389,qoR9gBUN,Christian,989,26APR70:16:25:24,m,No,Yes,credit card,385.11523886,44
984,72253,K1LM1wa2,Matthias,990,15OCT90:16:25:24,m,No,No,credit card,827.49300486,24
985,32410,GcdANJZ9,Birgit,444,27AUG84:16:25:24,w,No,No,credit card,468.61956975,30
986,41173,rjtU2Gp8,Kunigunde,445,07FEB70:16:25:24,w,Yes,No,credit card,91.41331564,44
987,36549,BHRbmBG0,Adalbert,991,17OCT76:16:25:24,m,No,Yes,cash,79.951001208,38
988,23720,f6IvQ9iT,Alfred,992,02JAN88:16:25:24,m,No,No,credit card,332.76906643,26
989,43487,3DX3Tb31,Georg,993,23DEC92:16:25:24,m,No,No,credit card,552.65033024,22
990,50043,DiIeXlNJ,Annemarie,446,15AUG33:16:25:24,w,No,Yes,cheque,125.22554677,81
991,76653,YliWRuTy,Reinhard,994,06FEB64:16:25:24,m,No,Yes,cash,82.670981781,50
992,46280,ol5yiPlF,Scholastika,447,21APR85:16:25:24,w,No,No,credit card,58.546096515,29
993,48847,jNO6ylgr,Fridolin,995,21JUL31:16:25:24,m,No,No,cash,422.07207803,83
994,60904,uZZh1OO3,Leonhard,996,02JUL49:16:25:24,m,No,No,credit card,2.5,65
995,57129,awng4WeD,Alfons,997,14AUG94:16:25:24,m,No,No,credit card,44.174357797,20
996,53081,Hps22IPl,Sophia,448,09OCT84:16:25:24,w,No,No,credit card,265.63075797,30
997,42168,MyTexgxz,Valentin,998,02OCT29:16:25:24,m,No,No,credit card,873.12177692,85
998,92731,nLsFoXDP,Gregor,999,20APR93:16:25:24,m,No,Yes,credit card,874.99396772,21
999,61397,9ez07QZ4,Rupert,1000,01APR95:16:25:24,m,No,No,credit card,12.54380528,19
1000,40527,H0n3eUsn,Maria,449,03FEB90:16:25:24,w,No,No,credit card,198.7576378,24
